baseMean	log2FoldChange	lfcSE	stat	pvalue	padj	sig
ENSSSCG00000000014	108.859220074122	1.0373187410609	0.271072406435507	3.82672199911905	0.000129861033925184	0.000700831147492823	up
ENSSSCG00000000063	178.189184309886	1.23442376495166	0.187014115280845	6.60069836492225	4.09225421451631e-11	6.72886183857225e-10	up
ENSSSCG00000000084	1202.66665281935	1.85430451962194	0.135460069818122	13.6889381654066	1.18224275392415e-42	1.65330336189548e-40	up
ENSSSCG00000000142	77.7277202344289	1.64643223924777	0.283643511956722	5.80458275914656	6.4526483544137e-09	7.7004098506193e-08	up
ENSSSCG00000000214	36.062680333445	1.00352238739139	0.435451567244994	2.30455569086698	0.0211914699537282	0.057712598452165	up
ENSSSCG00000000477	349.681607777036	1.12540900775525	0.15314385296949	7.34870506346378	2.00136244886386e-13	4.49728934686975e-12	up
ENSSSCG00000000478	314.749229614851	1.06482615720855	0.176319605689513	6.03918182010702	1.54897627678447e-09	2.04130414371487e-08	up
ENSSSCG00000000493	106.450620028102	1.00898836118817	0.234248605002228	4.30733989292519	1.65229612854116e-05	0.00010927306444218	up
ENSSSCG00000000521	116.619476379783	3.60942987822642	0.278280961078435	12.9704521079654	1.79965697854594e-38	2.07378072951806e-36	up
ENSSSCG00000000559	668.153699543938	2.03133002897097	0.121846679025795	16.671197321192	2.12299025796861e-62	5.76972673127922e-60	up
ENSSSCG00000000668	132.552860978609	6.10781027592033	0.437305930906879	13.9669047324696	2.48180494798732e-44	3.61090085563731e-42	up
ENSSSCG00000000696	849.640236347606	1.26325764176789	0.173862604461229	7.26583871029948	3.7073073108783e-13	8.01802620208574e-12	up
ENSSSCG00000000736	290.931384748713	1.02765034471323	0.179216376618163	5.73413191419851	9.80130287810974e-09	1.14314143041533e-07	up
ENSSSCG00000000742	89.7806117678145	1.49943299415213	0.304403458124001	4.92580801608805	8.4012454478573e-07	7.19022813018042e-06	up
ENSSSCG00000000764	7.59602668505891	1.8934594244889	0.877461702303748	2.15788269678059	0.0309369531263264	0.0784534987379588	up
ENSSSCG00000000800	253.516888929379	1.04829281928845	0.165263591842115	6.34315645450777	2.25104614654796e-10	3.27847003992688e-09	up
ENSSSCG00000000842	454.540708730964	1.24367848906486	0.141744765938332	8.77406993360123	1.72322120356573e-18	6.4303829575546e-17	up
ENSSSCG00000000847	181.392797651993	1.10086847477083	0.207889943705459	5.29543880357461	1.18730951957215e-07	1.16737244504554e-06	up
ENSSSCG00000000896	1123.09167900665	1.21838533899232	0.119696435759375	10.178960896059	2.46175993576884e-24	1.36908069941368e-22	up
ENSSSCG00000000958	1050.10582290857	2.29046571503982	0.123895740126569	18.4870417070024	2.62569415261446e-76	9.95276278269965e-74	up
ENSSSCG00000001041	163.947119813742	1.08584138259127	0.194658161297283	5.57819603018322	2.43025694721416e-08	2.65192583846006e-07	up
ENSSSCG00000001063	33.5932034014329	1.10960579533054	0.411955458665084	2.69350914520262	0.00707042057388785	0.0231092212267485	up
ENSSSCG00000001097	97.5520748656322	3.9421534412451	0.342720743865345	11.5025235904424	1.28113979562333e-30	1.03092388917086e-28	up
ENSSSCG00000001202	65.7942312194238	1.03440922592747	0.317687277419019	3.25606122577934	0.00112969388170245	0.0047511457529208	up
ENSSSCG00000001347	943.029625557693	1.51808268422428	0.128618018203831	11.8030327742918	3.7649331046911e-32	3.2668732795163e-30	up
ENSSSCG00000001402	74.4836613238028	1.47071242822568	0.286294135157221	5.13706795781208	2.79058064164658e-07	2.5716905670043e-06	up
ENSSSCG00000001471	1256.04526842301	1.22335452737081	0.114679873895543	10.6675608004689	1.4436642459373e-26	9.4952236522744e-25	up
ENSSSCG00000001497	667.601056202721	1.17834199931366	0.120611635553877	9.76972075623088	1.51870077582524e-22	7.51730789518446e-21	up
ENSSSCG00000001503	41.6460888957756	1.32092977168167	0.419101174512069	3.15181596238554	0.00162258506583268	0.00650841417105371	up
ENSSSCG00000001565	21.9200594800296	1.7283269429563	0.547564129134721	3.15639182882097	0.00159734122731882	0.00642684442410622	up
ENSSSCG00000001573	292.100846297226	2.37358836820581	0.184739414473627	12.8483051381797	8.79153402036472e-38	9.81653147514213e-36	up
ENSSSCG00000001629	23.9657937687475	1.48634875988615	0.482187111513083	3.08251449364137	0.002052597346744	0.00799286622938647	up
ENSSSCG00000001727	384.65701648955	1.00529652641625	0.174279626344405	5.76829631496692	8.00769186576457e-09	9.43586340571263e-08	up
ENSSSCG00000001746	3222.81961346002	1.11466355692108	0.163659584415667	6.81086635347939	9.70127255937665e-12	1.73802400429429e-10	up
ENSSSCG00000001869	384.187030208952	1.23530614968206	0.146930196491066	8.40743549782953	4.19072692113789e-17	1.37501664173281e-15	up
ENSSSCG00000001905	100.097855474981	1.63271515886453	0.28504852311233	5.7278499149463	1.01711488756766e-08	1.18054172768127e-07	up
ENSSSCG00000002020	262.268114163323	1.23213617769631	0.165142520645615	7.46104742061188	8.58373483966865e-14	2.01696764487092e-12	up
ENSSSCG00000002144	202.201305388331	2.03252755634762	0.185035110588402	10.984550715182	4.53489347976131e-28	3.23369335061792e-26	up
ENSSSCG00000002252	1022.43359602497	2.62102939083198	0.150731842743785	17.3886906915033	1.00504018490694e-67	3.29013609622719e-65	up
ENSSSCG00000002350	776.154531563207	1.24361157671926	0.123018119859083	10.1091739830182	5.03066221443e-24	2.74475979305491e-22	up
ENSSSCG00000002383	1020.88898307981	3.26432698384887	0.176611494953655	18.483094685912	2.82502876586621e-76	1.04337729085992e-73	up
ENSSSCG00000002680	96.9849246075129	1.10775526342452	0.255790433732319	4.33071419935809	1.48626487393932e-05	9.94057219554199e-05	up
ENSSSCG00000002753	369.944282426402	1.08830737679305	0.155600588641487	6.99423688750032	2.66706594907306e-12	5.06730187905921e-11	up
ENSSSCG00000002755	1658.63578096136	1.00054970510795	0.126229452433814	7.92643623034466	2.25524369261193e-15	6.30767575696742e-14	up
ENSSSCG00000002808	122.119341412234	1.25564732302633	0.240065267107087	5.23044144685128	1.69105733460928e-07	1.62170371822317e-06	up
ENSSSCG00000002812	162.092064394086	1.0514407751107	0.200207751224164	5.25174858956109	1.50662017684859e-07	1.4545145460675e-06	up
ENSSSCG00000002854	154.637922352249	1.24989892536982	0.200404259854725	6.23688800964549	4.4636129601689e-10	6.26646014408118e-09	up
ENSSSCG00000002867	304.556196627064	1.6942843669343	0.153664452064873	11.0258706172265	2.86730445402403e-28	2.08589158362435e-26	up
ENSSSCG00000002875	81.8332582317333	1.23671617324219	0.284461097112802	4.34757576974324	1.37650524407986e-05	9.29544375795886e-05	up
ENSSSCG00000003000	85.8589891819713	1.08910886000502	0.270003103022618	4.03369016064156	5.49077074404975e-05	0.000322680790686628	up
ENSSSCG00000003037	156.398559141022	1.32864235267395	0.208927052753383	6.35936005014285	2.02596018775259e-10	2.9747125937195e-09	up
ENSSSCG00000003068	153.193642516242	1.64058372106126	0.216842838034796	7.5657731467156	3.85564413524388e-14	9.46110700580116e-13	up
ENSSSCG00000003072	218.773190181683	1.20415375709715	0.172456019948124	6.98238169626881	2.90217332997789e-12	5.48594549147001e-11	up
ENSSSCG00000003077	82.7320076621002	1.59999537601531	0.266684042812445	5.99959172338092	1.9781426534441e-09	2.56003295419666e-08	up
ENSSSCG00000003079	827.752015010903	1.04832376786271	0.178087061820951	5.8865801768165	3.942685333085e-09	4.8373457868617e-08	up
ENSSSCG00000003134	457.327666186533	1.16487485565505	0.160264570981128	7.26844896862592	3.63638472336384e-13	7.90022406566106e-12	up
ENSSSCG00000003135	58.5363487651592	2.98470613704169	0.375588182139473	7.94675199853154	1.91465175155905e-15	5.39699487856294e-14	up
ENSSSCG00000003155	352.182996128075	2.0517781030729	0.174200721927198	11.7782411024128	5.05366204412317e-32	4.35885916667965e-30	up
ENSSSCG00000003233	10.6528939735252	1.61132942919227	0.767875447772677	2.09842551141092	0.0358675736363183	0.0890445588861649	up
ENSSSCG00000003241	48.1596772940244	1.31098267124099	0.368420492867771	3.55838694269243	0.000373139340135285	0.00179515666509975	up
ENSSSCG00000003317	30.8477740659159	1.24991503528827	0.441493742374856	2.83110475941244	0.00463875250574616	0.0161666080553515	up
ENSSSCG00000003338	81.6323272386433	1.06782945583774	0.300073715110938	3.5585571213492	0.00037289769962029	0.00179459354003697	up
ENSSSCG00000003410	17.1316494774478	3.89886002747921	0.749686501249737	5.20065390130376	1.98588599438777e-07	1.87326141867462e-06	up
ENSSSCG00000003471	1722.85947485682	2.06238774831761	0.147706520454641	13.9627400467466	2.63120110932314e-44	3.78998207786905e-42	up
ENSSSCG00000003509	127.552827612782	2.65160192094353	0.272442418305589	9.73270585922242	2.18696636784833e-22	1.07146474702338e-20	up
ENSSSCG00000003634	174.463127848603	1.10198315202975	0.20520455269808	5.37016911925494	7.86628376739195e-08	7.99618570116539e-07	up
ENSSSCG00000003669	112.810364601321	1.87215610020012	0.286327282939154	6.53851802378876	6.21313988360313e-11	9.92173690503542e-10	up
ENSSSCG00000003690	965.661393421722	1.32550107894558	0.153850128855124	8.61553440877361	6.96161102999704e-18	2.46376032619355e-16	up
ENSSSCG00000003699	23.3234360391284	1.0109185329473	0.472528215695075	2.13938236780266	0.0324047137548268	0.0815866975921211	up
ENSSSCG00000003705	105.411174300103	1.20394711632246	0.249365792171683	4.82803637915809	1.37885908655791e-06	1.13491921615886e-05	up
ENSSSCG00000003709	1051.20800125482	1.30730751862277	0.147198912006079	8.88123085154853	6.61245637463824e-19	2.55350728204529e-17	up
ENSSSCG00000003718	514.113837704521	2.064583234355	0.134187042947065	15.3858613246992	2.03648366383551e-53	4.1905015276981e-51	up
ENSSSCG00000003730	692.780621776184	1.34258715954227	0.135597762379303	9.90124863407919	4.11109779562538e-23	2.11486616600672e-21	up
ENSSSCG00000003736	1071.14823565864	1.96697908310107	0.137405178067918	14.3151743679471	1.75922348125078e-46	2.81553944710402e-44	up
ENSSSCG00000003741	125.475381138957	1.26293999738373	0.226954108095499	5.56473732941773	2.62547583351366e-08	2.85413991742873e-07	up
ENSSSCG00000003766	504.588217441151	1.52839489727056	0.173545938926183	8.80686063141273	1.28699547830987e-18	4.86558605500667e-17	up
ENSSSCG00000003768	238.874793753199	1.26696252108331	0.177261499554167	7.14742075560607	8.84235333764499e-13	1.81690809522737e-11	up
ENSSSCG00000003772	1902.29117811085	1.3279121427191	0.0989759795045867	13.4165092314905	4.83978913109597e-41	6.28038942741499e-39	up
ENSSSCG00000003775	898.261537703354	1.93287768041273	0.132969349887661	14.5362648012172	7.13827795562899e-48	1.18183627210207e-45	up
ENSSSCG00000003844	113.937058940526	1.02966829355759	0.240321040288559	4.28455324727809	1.83106752773961e-05	0.000119830516445077	up
ENSSSCG00000003928	79.2791316769848	2.32406694740455	0.323650488119429	7.18079234457066	6.93085554497083e-13	1.43643227726273e-11	up
ENSSSCG00000003973	832.889334559971	1.02896342742763	0.164329542443784	6.26158517893783	3.81083562176837e-10	5.40268467479839e-09	up
ENSSSCG00000004053	27.3511695042583	1.53705365425689	0.478803839691668	3.21019492084001	0.00132644990299463	0.00547455140479505	up
ENSSSCG00000004071	171.956296396429	2.01391905465569	0.218810211904555	9.2039536780585	3.45016049056001e-20	1.4488662304964e-18	up
ENSSSCG00000004082	2225.48689333441	1.91112280530432	0.148423004687	12.8761899769821	6.12871439770327e-38	6.95102379405653e-36	up
ENSSSCG00000004090	99.5686744488254	1.15952336191273	0.259144224581037	4.47443258203941	7.66144947899565e-06	5.42021209702619e-05	up
ENSSSCG00000004127	228.149914696315	1.16159638873062	0.192965692368143	6.01970419961755	1.74736094280548e-09	2.27567694576583e-08	up
ENSSSCG00000004139	2163.57593763099	1.37368791169848	0.101990131942372	13.4688315971066	2.38611973347842e-41	3.18237672602067e-39	up
ENSSSCG00000004142	806.30263125809	3.79893245835734	0.133187295847328	28.5232343985123	6.03481760365271e-179	1.73851025526027e-175	up
ENSSSCG00000004154	2271.50259124742	3.58191486990185	0.689725786927725	5.19324481959262	2.06660136021184e-07	1.9430369446796e-06	up
ENSSSCG00000004192	5215.13550796343	2.13516887781931	0.150980075624676	14.1420572813009	2.09081422550465e-45	3.17011453728095e-43	up
ENSSSCG00000004238	261.213137046412	1.28712845089792	0.193169104469481	6.66322109031298	2.67890188665446e-11	4.53963562063186e-10	up
ENSSSCG00000004253	663.767015389431	1.58396888068264	0.127392712444779	12.4337479772969	1.71405371152804e-35	1.77620357272302e-33	up
ENSSSCG00000004262	260.609282671368	1.03698068645249	0.201831742839367	5.13784735673517	2.77903466443276e-07	2.56268984036424e-06	up
ENSSSCG00000004307	546.500300763512	1.04583095886834	0.13424298637695	7.79058174355331	6.67013705526414e-15	1.77263199527721e-13	up
ENSSSCG00000004328	5078.39673509165	1.19615336129898	0.105089103594869	11.3822777089269	5.12436116563294e-30	4.01148359944439e-28	up
ENSSSCG00000004332	49.6033005793315	1.39572976741451	0.3565958253049	3.91403843895571	9.07651768962344e-05	0.000507721012820722	up
ENSSSCG00000004342	125.974380019097	1.54277258724237	0.259471508290174	5.9458265665032	2.7506526730959e-09	3.47242779169792e-08	up
ENSSSCG00000004369	34.874126394917	1.37987147611005	0.415648463816368	3.31980410426747	0.000900806343594561	0.00390702034722555	up
ENSSSCG00000004392	1599.16126419656	1.71714885634079	0.112304964652451	15.2900529522879	8.90776914710656e-53	1.78204870548504e-50	up
ENSSSCG00000004394	508.97574326391	1.68831288918493	0.151751049348557	11.1255434241317	9.42299004359677e-29	7.10621720355852e-27	up
ENSSSCG00000004403	223.550653752757	1.36658416616316	0.178074856063073	7.67421182516148	1.66438845508437e-14	4.25068285585732e-13	up
ENSSSCG00000004411	240.152096795707	1.38979059158225	0.167876908319398	8.27862870179903	1.24601782960129e-16	3.94453644342352e-15	up
ENSSSCG00000004464	236.408556837251	1.28978993796817	0.198039387286927	6.51279503354287	7.37651357882934e-11	1.16503620163879e-09	up
ENSSSCG00000004500	401.201814827657	1.03816904236065	0.140819859871047	7.37231980852229	1.67684160416148e-13	3.79171530083862e-12	up
ENSSSCG00000004502	11.6637792561729	2.03316904662934	0.718627742094516	2.82923818207108	0.0046658959654413	0.0162494113844817	up
ENSSSCG00000004558	623.626643715371	1.2120165190704	0.139139190508354	8.71082054338691	3.01682947737164e-18	1.09733363111265e-16	up
ENSSSCG00000004586	375.280921999399	1.04375167284235	0.178829435254969	5.83657646379189	5.32843148404221e-09	6.42265498712503e-08	up
ENSSSCG00000004587	1011.13077989535	1.00748308061369	0.111723744721185	9.01762721190502	1.92207127696849e-19	7.75504612701798e-18	up
ENSSSCG00000004629	80.2214799540056	1.18280595894267	0.275040976210865	4.30047178874122	1.70434868570449e-05	0.000112354409468593	up
ENSSSCG00000004645	188.228191668651	1.52633774497228	0.19739455811086	7.73242058737541	1.05520645045253e-14	2.7484979588279e-13	up
ENSSSCG00000004671	201.107645592212	1.2013333304878	0.183223060355193	6.5566710225171	5.50222106106847e-11	8.89494861544672e-10	up
ENSSSCG00000004691	426.966022334228	1.27209449609325	0.163879656826539	7.76236978235634	8.33569410822526e-15	2.19501531873632e-13	up
ENSSSCG00000004702	16.037090152429	2.46590966634647	0.683590020267421	3.60729325068526	0.000309407903514653	0.00151795348849627	up
ENSSSCG00000004753	680.455612012439	1.14322267135707	0.123713454851082	9.24089196872885	2.44450835226287e-20	1.04173663627202e-18	up
ENSSSCG00000004781	80.8361992554005	2.00309101744542	0.288191203588236	6.95056265599076	3.63832161824972e-12	6.81691650087432e-11	up
ENSSSCG00000004789	110451.616129684	1.24746445700937	0.125313314794369	9.95476385774634	2.40392901502226e-23	1.25004308781157e-21	up
ENSSSCG00000004799	99.9334094921475	1.42833269657209	0.267478898244909	5.3399827274011	9.29554374315663e-08	9.31187446893317e-07	up
ENSSSCG00000004836	135.544076910899	1.0424412073057	0.223852307088941	4.65682583691897	3.21121875772202e-06	2.43957779463228e-05	up
ENSSSCG00000004843	8.64351839363356	4.31881652728057	1.09358602636837	3.94922431628236	7.84048522472893e-05	0.000446028235296191	up
ENSSSCG00000004847	373.690288435083	1.94402470276727	0.179467865087454	10.8321604083269	2.42368450336894e-27	1.68650973847953e-25	up
ENSSSCG00000004929	168.260668570088	1.04383187965353	0.19411367501003	5.37742577692991	7.55583453086382e-08	7.69146576555212e-07	up
ENSSSCG00000004931	6.85739972557335	1.98158379356515	0.977530715319695	2.02713199954754	0.0426489151162263	0.10277981819209	up
ENSSSCG00000004956	44.3957274962297	2.14240937637867	0.378040739899242	5.66713888283491	1.45201647745217e-08	1.64038002676244e-07	up
ENSSSCG00000004974	96.0561652884025	1.7868277724391	0.272217709607525	6.56396593379355	5.23951766298214e-11	8.53733172144736e-10	up
ENSSSCG00000005027	2581.6409478239	2.2296026856681	0.141025343219073	15.8099433390818	2.65705697698448e-56	5.88803826099762e-54	up
ENSSSCG00000005045	557.069689161864	1.10195297228354	0.424073856759271	2.5984930566212	0.00936339386554623	0.0291359527412676	up
ENSSSCG00000005078	832.75677143613	1.23477288271707	0.118650984526699	10.4067647448743	2.30936865114307e-25	1.35772024698223e-23	up
ENSSSCG00000005089	203.96454866443	1.4154304610988	0.205439874982299	6.88975526888708	5.58884517896105e-12	1.02943383577692e-10	up
ENSSSCG00000005102	617.688222008396	2.54929732759473	0.149016543806796	17.1074785555352	1.30528911244902e-65	4.0002945480246e-63	up
ENSSSCG00000005112	91.0963537409073	1.54425018643984	0.256859538024132	6.01204143836294	1.83201475041947e-09	2.38377059304807e-08	up
ENSSSCG00000005211	27.5346400543855	1.64401366586324	0.462164492930979	3.55720461223048	0.000374822203399843	0.00180204907135225	up
ENSSSCG00000005217	367.21338375575	1.28724915840641	0.173305280837728	7.4276395513401	1.1055272278734e-13	2.5601308987602e-12	up
ENSSSCG00000005224	1104.85482195732	1.76760593043063	0.123611188931265	14.2997243672943	2.1967789314953e-46	3.47718722299541e-44	up
ENSSSCG00000005227	511.851218081806	1.42559105807509	0.140832508219549	10.1225993635836	4.38609626019243e-24	2.4113484935806e-22	up
ENSSSCG00000005252	547.865682725438	1.41019805863035	0.139776684824575	10.0889362228057	6.18359806332449e-24	3.34844159789947e-22	up
ENSSSCG00000005291	707.026658492278	1.24792272493859	0.120104618158033	10.3902975928584	2.74495299704809e-25	1.60724808819027e-23	up
ENSSSCG00000005308	89.1789610794881	2.06051001002584	0.285632090368411	7.213860345202	5.43875361620259e-13	1.15036427441677e-11	up
ENSSSCG00000005346	205.872804892	1.34568839934375	0.209876923287393	6.41179782067343	1.43813480839286e-10	2.16230624009299e-09	up
ENSSSCG00000005355	39.7964732569189	1.26349847582515	0.37559026645268	3.364034131551	0.000768120431915167	0.00339708873420763	up
ENSSSCG00000005437	201.529171968511	3.17930568461256	0.20352700629874	15.6210507019689	5.23360286886632e-55	1.1251465033306e-52	up
ENSSSCG00000005471	133.431504787266	1.49469532366534	0.220022531960975	6.79337388922718	1.09540996398705e-11	1.94553454023051e-10	up
ENSSSCG00000005530	50.5573578768781	1.87613960726163	0.363642292470739	5.15929980122594	2.47875116961668e-07	2.29755031191497e-06	up
ENSSSCG00000005575	1382.1418538026	1.19932694951249	0.100005556979463	11.9926030686353	3.88501320215203e-33	3.56431402317184e-31	up
ENSSSCG00000005576	222.108908726308	1.78356247543235	0.189213136607948	9.42620849379986	4.25180771982639e-21	1.91984446383634e-19	up
ENSSSCG00000005589	238.929596927603	1.2832305283813	0.186964600413683	6.86349461631767	6.71960583421367e-12	1.2282893710154e-10	up
ENSSSCG00000005636	188.576965612814	1.96970055513408	0.203761717027632	9.66668608739179	4.17684396548109e-22	1.99877941789999e-20	up
ENSSSCG00000005678	111.992850112041	1.0631285693384	0.262466623053182	4.05052862330227	5.11020579454372e-05	0.000302537625419679	up
ENSSSCG00000005706	770.364217325833	1.07715171843995	0.130404373774596	8.26008888552935	1.45564030854125e-16	4.56798322532203e-15	up
ENSSSCG00000005729	307.956691095601	1.14746993105162	0.182839717714982	6.27582423224009	3.47786902987681e-10	4.96483899963781e-09	up
ENSSSCG00000005787	437.42661496683	1.03154805921252	0.144859841408844	7.12100779056595	1.0714073500087e-12	2.16142177444332e-11	up
ENSSSCG00000005896	7.75950588032958	2.2475010807123	0.856072621439915	2.62536264380468	0.00865567242616248	0.0273173325211315	up
ENSSSCG00000005965	4881.01713840493	4.05131417138354	0.142920964537158	28.3465353351309	9.2349193068835e-177	2.21699629493916e-173	up
ENSSSCG00000005981	493.344507264502	2.4416525779324	0.358678611036773	6.80735483745384	9.94095320164298e-12	1.7721471524315e-10	up
ENSSSCG00000005992	73.33923392819	1.34197864848414	0.318449786363337	4.21409812771235	2.50778244522714e-05	0.000158988108895474	up
ENSSSCG00000006000	1233.59755917535	1.22354875892183	0.120471609276864	10.1563245171725	3.10564157450812e-24	1.71393338081283e-22	up
ENSSSCG00000006002	142.905191240239	1.04011071631713	0.237211829541542	4.38473375601607	1.1612772256829e-05	7.99189544134569e-05	up
ENSSSCG00000006038	343.284039042379	1.71646550764474	0.14874714946309	11.5394850512457	8.34231304505469e-31	6.82742483528226e-29	up
ENSSSCG00000006049	990.342656408352	1.07766914336789	0.11345925404585	9.49829216162825	2.13360673116422e-21	9.78741125977369e-20	up
ENSSSCG00000006051	15.102181667428	2.10991149883183	0.669771042438147	3.15019815002928	0.00163159760641241	0.00654092177087791	up
ENSSSCG00000006065	234.684551560857	1.02606534236421	0.180528010727838	5.68369051554606	1.31818727629256e-08	1.49859270147735e-07	up
ENSSSCG00000006078	1893.81571338576	1.15744112759556	0.104449713408787	11.0813241111123	1.54569544630462e-28	1.13592842900876e-26	up
ENSSSCG00000006105	386.551014316643	1.44031277619794	0.155033554980661	9.29032928631227	1.53811728196216e-20	6.67320521969364e-19	up
ENSSSCG00000006107	930.313211445351	1.04723259816298	0.145714191322044	7.18689503514784	6.62813258643111e-13	1.38164430933363e-11	up
ENSSSCG00000006145	327.591166789407	1.37727423461197	0.152257175913631	9.04570984157251	1.48695883335889e-19	6.03328310864831e-18	up
ENSSSCG00000006151	238.160630979627	1.7816865363302	0.198537537536854	8.97405376552263	2.85797687939722e-19	1.13405782288809e-17	up
ENSSSCG00000006155	956.090744211716	1.47414384994161	0.123760630980455	11.9112502761433	1.03414858592281e-32	9.36847561737875e-31	up
ENSSSCG00000006214	423.866095686604	2.24754883675308	0.156483787695737	14.3628223079771	8.854647549075e-47	1.43306003704355e-44	up
ENSSSCG00000006240	190.199098746031	2.01469511670805	0.218027549801777	9.24055294177156	2.45226662333326e-20	1.04196013104697e-18	up
ENSSSCG00000006251	691.98004640817	1.31187328360843	0.125927569682398	10.4176812664383	2.05912058435835e-25	1.22560218583048e-23	up
ENSSSCG00000006290	829.041352492465	1.87322265058165	0.125261507447111	14.9544955091058	1.45580754150056e-50	2.72330543217845e-48	up
ENSSSCG00000006342	3079.69618052291	1.17164983977821	0.129215822378961	9.06738678133417	1.21905542018551e-19	4.97429866072299e-18	up
ENSSSCG00000006347	139.343633046455	1.08534727608746	0.233080419275101	4.65653562604263	3.21574654834799e-06	2.44172974604135e-05	up
ENSSSCG00000006471	558.135016446759	1.47769173697493	0.152172645287099	9.71062659906464	2.71661875461343e-22	1.32644666242209e-20	up
ENSSSCG00000006481	86.8036672963129	1.29820275707159	0.290981340174555	4.46146394230235	8.14016444688899e-06	5.73073942780983e-05	up
ENSSSCG00000006482	231.238697530009	1.03258190211373	0.188811884141013	5.46883956384097	4.52991544899929e-08	4.7522871177994e-07	up
ENSSSCG00000006490	1207.33773831854	1.07713781760851	0.118116293583539	9.11929916634827	7.56116923501935e-20	3.11174519032053e-18	up
ENSSSCG00000006491	16.8196550522506	1.46706335657611	0.619623606963966	2.36766859765791	0.0179005620578596	0.0501235057496741	up
ENSSSCG00000006620	828.021139173909	1.53075572377125	0.117047038960776	13.0781242939792	4.39143139449418e-39	5.10114337147534e-37	up
ENSSSCG00000006636	150.905080312151	1.07409826999448	0.217242714508787	4.94423148975631	7.64448240853363e-07	6.58559357730373e-06	up
ENSSSCG00000006653	3952.685722719	3.27293001328207	0.132272397843626	24.7438624130135	3.60971379888093e-135	4.33285979659008e-132	up
ENSSSCG00000006663	1759.98207647999	1.40099229165706	0.106974368988184	13.0965230728475	3.44689755250706e-39	4.0695993726485e-37	up
ENSSSCG00000006703	870.637852858134	1.45365747338965	0.120492483577395	12.0643000312623	1.63042708277052e-33	1.50542767309145e-31	up
ENSSSCG00000006718	238.398617726556	1.34697197213956	0.185708377532227	7.25315675059304	4.07168397696509e-13	8.7665973100456e-12	up
ENSSSCG00000006727	1207.29339034934	1.03838246108776	0.130121493930869	7.98009944182963	1.46215445025609e-15	4.19539296842405e-14	up
ENSSSCG00000006742	113.313696131246	1.9524531675821	0.254182755545153	7.68129672445568	1.57486224338787e-14	4.02918574667121e-13	up
ENSSSCG00000006767	1058.25523853144	1.51291297950386	0.133062411394063	11.3699501132846	5.90213118506007e-30	4.59536743727596e-28	up
ENSSSCG00000006790	1187.82169717202	1.12243461482319	0.111177829871787	10.095849290435	5.76300347107327e-24	3.13246422631469e-22	up
ENSSSCG00000006791	10.8066010885947	2.48798871597439	0.830491708999016	2.99580199177803	0.00273724112284151	0.0102648323700622	up
ENSSSCG00000006850	2416.33098008589	1.07436737804158	0.111018001257104	9.67741596746534	3.76101607204529e-22	1.80578918339135e-20	up
ENSSSCG00000006869	313.572138083086	1.34681160231489	0.162472870146876	8.28945534782123	1.13768214690464e-16	3.61747762561026e-15	up
ENSSSCG00000006940	4931.4831369282	4.16375076166604	0.127637338357663	32.6217297794041	2.01776869626683e-233	1.45319701505137e-229	up
ENSSSCG00000006970	363.631521383853	2.68781020244398	0.174104267911746	15.4379340304653	9.09677211036057e-54	1.89898413735701e-51	up
ENSSSCG00000006987	750.442672510999	3.19866349238509	0.161712601516239	19.7799272437274	4.43329631429067e-87	2.05990968100138e-84	up
ENSSSCG00000007067	9559.82441855114	2.28921610494402	0.110086714356111	20.7946628104351	4.83741825297252e-96	3.31800821503887e-93	up
ENSSSCG00000007079	3691.4770157787	3.4814468892245	0.108302982820022	32.1454386441968	1.02284797741244e-226	4.91103408888291e-223	up
ENSSSCG00000007117	199.533857681722	1.08472964499451	0.184164103069902	5.89001671288125	3.86156563875426e-09	4.74590370824372e-08	up
ENSSSCG00000007162	152.042864795841	1.01406778144993	0.204584584860723	4.95671647079512	7.16944808721505e-07	6.20978534264856e-06	up
ENSSSCG00000007237	271.453931842207	1.18994175183929	0.158410068171905	7.51178107282915	5.8328276018516e-14	1.40289520767552e-12	up
ENSSSCG00000007243	210.599745220165	1.32495588141229	0.185384683850107	7.14706228095731	8.86546615038717e-13	1.81906231382018e-11	up
ENSSSCG00000007280	1395.56484679552	1.06535971076889	0.107609368004991	9.90025060568586	4.15233227326627e-23	2.12847665708638e-21	up
ENSSSCG00000007342	527.834215603456	1.59705948932602	0.130675745261527	12.2215449097287	2.38508559774107e-34	2.33705938434438e-32	up
ENSSSCG00000007463	1.6852416331244	4.50416266996748	2.05630431194305	2.19041639109894	0.0284940523479739	NA	up
ENSSSCG00000007475	254.502435045357	1.48648908022076	0.199933962399759	7.43490031597832	1.0464684789082e-13	2.4311825758377e-12	up
ENSSSCG00000007477	690.330630246482	1.44644048207882	0.124347010837016	11.6322899307544	2.82418140539114e-31	2.35141670307826e-29	up
ENSSSCG00000007554	40.365810191003	1.51782114901898	0.463867705815241	3.27209919981697	0.00106752112800525	0.00452651584568373	up
ENSSSCG00000007559	57.7193720377084	1.34201800001865	0.325994248381325	4.11669226276916	3.84348718264067e-05	0.000234483648364067	up
ENSSSCG00000007617	528.244377695174	1.23152625801798	0.137298993167379	8.9696670718965	2.97412023451245e-19	1.1769018642285e-17	up
ENSSSCG00000007735	353.000061855303	1.93176876755025	0.150274883706396	12.8549010979407	8.07290467744539e-38	9.08454054483777e-36	up
ENSSSCG00000007782	402.889858953543	1.07959398819215	0.167633038350408	6.44022203985497	1.19298846400737e-10	1.82600331495032e-09	up
ENSSSCG00000007840	327.056997886668	1.36086034646569	0.206524892470645	6.58932843487193	4.41820448829667e-11	7.24002473827363e-10	up
ENSSSCG00000007854	95.8797857668123	1.30953181313161	0.265344263241389	4.93521810923911	8.00612382538728e-07	6.86838639552581e-06	up
ENSSSCG00000007895	834.229371141775	1.13905021298226	0.121634929368222	9.36449931691951	7.64117085682881e-21	3.39701929079513e-19	up
ENSSSCG00000007963	270.256162504637	1.70033443569573	0.170043825230204	9.999389471472	1.53339488788831e-23	8.09048350371548e-22	up
ENSSSCG00000007965	139.52273113068	1.57794038243877	0.212809425065839	7.41480496904959	1.21803916496688e-13	2.81164040579854e-12	up
ENSSSCG00000008026	433.633917217007	1.186160898332	0.15812806504406	7.50126739362489	6.32037085496242e-14	1.51226946503121e-12	up
ENSSSCG00000008058	97.2394568564866	1.66247363881483	0.282141109194012	5.89234813588134	3.80745960278706e-09	4.6954322019302e-08	up
ENSSSCG00000008103	35.0269329964662	1.24685624060069	0.434510961130058	2.86956222544516	0.0041104044671671	0.0145577245992316	up
ENSSSCG00000008130	439.915094076684	1.1432689035558	0.144013178785791	7.93864084658758	2.04408714960415e-15	5.75059205134729e-14	up
ENSSSCG00000008179	347.608941824211	1.15080877575925	0.148561872620166	7.74632653360237	9.4589081470953e-15	2.47270622415174e-13	up
ENSSSCG00000008242	502.181240984147	1.08408109635003	0.144900984781041	7.48153021863989	7.3462142170641e-14	1.74037614445052e-12	up
ENSSSCG00000008334	171.488213596416	1.97527525402006	0.198205868816087	9.96577581591639	2.15187179751504e-23	1.13122486756959e-21	up
ENSSSCG00000008347	12.8930255948521	2.00285909128638	0.698558970900977	2.86712958349553	0.00414213373350833	0.0146484886563845	up
ENSSSCG00000008357	341.872199470329	1.06316706424214	0.149356987211229	7.11829479218503	1.09270469003601e-12	2.19516295052701e-11	up
ENSSSCG00000008437	362.114868694902	1.38843148081055	0.153985443136714	9.01664113521332	1.93944490053544e-19	7.80328613053419e-18	up
ENSSSCG00000008536	1288.05330808452	1.63453287523896	0.154057258899435	10.6099049594667	2.68021559833863e-26	1.71581446570976e-24	up
ENSSSCG00000008577	78.0563099371833	1.02757831874724	0.288937278215088	3.55640616916971	0.00037596267324293	0.00180692904417456	up
ENSSSCG00000008589	180.65380135543	1.12768282702346	0.185684790029312	6.07310284727926	1.25462043804457e-09	1.67795290525478e-08	up
ENSSSCG00000008591	725.098496557632	1.12249671416392	0.122622671752166	9.15407157685011	5.48272156206929e-20	2.28246015549266e-18	up
ENSSSCG00000008593	516.805143326116	2.2538443368739	0.1619431063632	13.917507126355	4.95900528845751e-44	7.07222892821207e-42	up
ENSSSCG00000008645	73.9467915039078	1.80352649666258	0.313476677027236	5.75330360703638	8.75161057744685e-09	1.02820716767981e-07	up
ENSSSCG00000008664	415.117271203569	1.97627645513438	0.149699522163931	13.2016216656338	8.58664128772735e-40	1.04815238227479e-37	up
ENSSSCG00000008668	144.262557171549	1.48150840164842	0.211612870949	7.00103162442078	2.54084577759946e-12	4.85389158893137e-11	up
ENSSSCG00000008727	25.0401846238973	1.11458644055649	0.462948363706817	2.40758263325961	0.016058527626027	0.0458033726584738	up
ENSSSCG00000008768	304.142843676511	1.11957490480848	0.175772923404438	6.36943895068774	1.8972091668938e-10	2.81435642017903e-09	up
ENSSSCG00000008796	1323.08989811799	1.04147887842493	0.104570271250837	9.95960769697815	2.28964404498146e-23	1.19492872550409e-21	up
ENSSSCG00000008816	517.784012271586	1.11796936688185	0.129253543981939	8.64942911768878	5.17576924161961e-18	1.84534109297745e-16	up
ENSSSCG00000008963	226.717890958808	2.31963364844859	0.203765722117229	11.3838266041335	5.03412971911507e-30	3.96238275814937e-28	up
ENSSSCG00000009023	93.8720079838846	1.57035700155222	0.266085795324867	5.90169422473288	3.59787532126116e-09	4.46756863167635e-08	up
ENSSSCG00000009042	1878.05469622937	1.73449373730135	0.115999280951094	14.9526249049132	1.49729021345894e-50	2.75169959867154e-48	up
ENSSSCG00000009049	357.029730631796	1.08941120936179	0.16199212410289	6.72508750283346	1.75486951594242e-11	3.04177382763353e-10	up
ENSSSCG00000009051	72.6699778290214	2.96504809720931	0.334999479865697	8.85090358468025	8.68135331711188e-19	3.32569715903403e-17	up
ENSSSCG00000009071	3074.56298630257	1.89414075374524	0.117838066934733	16.0740989988774	3.87587693614801e-58	9.00453732068966e-56	up
ENSSSCG00000009079	173.98842677974	1.24682039311828	0.202030863761436	6.17143524461967	6.767284707352e-10	9.30114207296739e-09	up
ENSSSCG00000009084	318.247144740703	1.09614078151311	0.151290147220211	7.24528861696207	4.31519298911007e-13	9.23566713449353e-12	up
ENSSSCG00000009135	30.1064574880609	1.5332250126343	0.436799310016143	3.51013606815824	0.000447877439868099	0.00211862943969133	up
ENSSSCG00000009136	10.9204562832291	1.59550342589944	0.723560202356169	2.20507349727627	0.0274489374891154	0.0713930111219245	up
ENSSSCG00000009152	441.693841456418	1.24124158321069	0.133033984739325	9.33025937427085	1.05612138218273e-20	4.62382139482066e-19	up
ENSSSCG00000009338	91.2254313234079	1.64473846067106	0.297256935204522	5.53305328112672	3.1470382133074e-08	3.36967475408655e-07	up
ENSSSCG00000009348	205.847206077341	1.18326755960109	0.181317288891927	6.52594998983446	6.75718650621409e-11	1.07428823880251e-09	up
ENSSSCG00000009370	642.011206210062	1.01231652457285	0.144117416393798	7.02424835182112	2.15221694254701e-12	4.16673828500634e-11	up
ENSSSCG00000009410	12.7938289976288	2.40246454789532	0.754934471199733	3.18234845479681	0.00146085943919605	0.00593909663058986	up
ENSSSCG00000009420	208.917719676528	1.1523955901054	0.203680940426984	5.65784696245797	1.53283719488435e-08	1.72357431343593e-07	up
ENSSSCG00000009468	21.2377412657417	1.27110404924481	0.572790632721116	2.21914252194779	0.026477029962931	0.0693031327614135	up
ENSSSCG00000009482	422.459596872636	1.66934880905447	0.154700698189306	10.790829185604	3.80342253032573e-27	2.58417443994395e-25	up
ENSSSCG00000009505	1297.41834166271	1.45252990180646	0.113089603630151	12.8440621876864	9.28705354736332e-38	1.02900553304786e-35	up
ENSSSCG00000009534	345.633675564883	1.07165407766087	0.157355600390913	6.81039680188438	9.73299111447249e-12	1.74154042252002e-10	up
ENSSSCG00000009592	462.525208277844	2.44513530188024	0.377621501116845	6.47509555109695	9.47519610809588e-11	1.47069746488161e-09	up
ENSSSCG00000009622	481.505210559186	1.32950571557906	0.173813442767717	7.64903850017974	2.02487614040532e-14	5.10793623929916e-13	up
ENSSSCG00000009633	1016.63520580331	2.05546081163291	0.131139929850188	15.6737983158984	2.28505843393675e-55	4.98696692157954e-53	up
ENSSSCG00000009638	465.244070314873	1.47323097827182	0.146848554063725	10.0323151812071	1.09908744767913e-23	5.88522512876217e-22	up
ENSSSCG00000009733	636.134614136791	1.06670837249908	0.128715825874683	8.28731327519603	1.15835248452049e-16	3.67509012930246e-15	up
ENSSSCG00000009741	207.312669551257	1.29234726312658	0.200525027987598	6.44481776711936	1.15739397273318e-10	1.77541030705524e-09	up
ENSSSCG00000009825	335.237739547587	1.20650466692862	0.153357686902876	7.86725915925372	3.62495212833712e-15	9.92657993470871e-14	up
ENSSSCG00000009831	211.015688450665	1.3542406319966	0.198479129803033	6.82308831835633	8.91038366785517e-12	1.61237646170585e-10	up
ENSSSCG00000009844	234.944244011202	2.15019921354014	0.181134038871432	11.8707628170669	1.6792939700424e-32	1.49312039163523e-30	up
ENSSSCG00000009864	1446.39272382644	1.01944409352264	0.104285389840547	9.77552172055333	1.43416503371275e-22	7.12334936055118e-21	up
ENSSSCG00000009866	10.0660392737628	3.26868149546385	0.870565553304211	3.75466440529108	0.000173573884256496	0.000910804454947382	up
ENSSSCG00000009887	1260.28401695076	1.01267830858896	0.139333135425325	7.26803646166207	3.6475035186939e-13	7.91244588603417e-12	up
ENSSSCG00000009945	155.999038450973	1.55550456062134	0.207831932858892	7.484434847062	7.18556696813346e-14	1.70793575262367e-12	up
ENSSSCG00000010032	261.793431101712	1.00476914670194	0.190880230396838	5.26387224393557	1.41052484556988e-07	1.37000673469916e-06	up
ENSSSCG00000010118	1119.52569448914	1.55760879568456	0.128318151736821	12.1386473745289	6.59065123185333e-34	6.32878268957436e-32	up
ENSSSCG00000010142	18.4295337409733	1.50792473247018	0.59413407425082	2.53802095826875	0.0111481308045862	0.0339129199808362	up
ENSSSCG00000010158	1028.93375575869	1.00750660532677	0.120133311696017	8.38657147716151	5.00525428847114e-17	1.63482273857456e-15	up
ENSSSCG00000010176	104.201110605651	1.05034651990628	0.259208824727046	4.05212484957766	5.07545668831994e-05	0.000300727594152861	up
ENSSSCG00000010186	618.77706975209	1.25823735528641	0.145024335346063	8.67604290193054	4.09777634565881e-18	1.46826792245944e-16	up
ENSSSCG00000010198	1068.38581957451	1.03787573463436	0.120382964476129	8.62145021225296	6.61114294532786e-18	2.34549022129317e-16	up
ENSSSCG00000010219	3614.68623972556	2.17959233919792	0.101272966183741	21.5219561678825	9.6983285743751e-103	7.35235393606837e-100	up
ENSSSCG00000010224	21.8176970252783	5.72603134005533	0.950222161594242	6.02599220633671	1.68075282342104e-09	2.1948833788356e-08	up
ENSSSCG00000010247	3985.05607608006	1.28715524756044	0.119417753041406	10.7785920834915	4.3448484642377e-27	2.91084638506418e-25	up
ENSSSCG00000010319	590.888593970813	1.56288077441543	0.140882033896038	11.0935421018178	1.34840586462615e-28	1.00115660175645e-26	up
ENSSSCG00000010381	49.773481800769	1.10155616121725	0.332568311276928	3.31227036330588	0.00092542064972587	0.00399812808597824	up
ENSSSCG00000010426	165.278841551881	1.7943733133066	0.277582388818056	6.4642909117795	1.01774912532738e-10	1.57461422139802e-09	up
ENSSSCG00000010464	187.913568506535	1.35835710195342	0.273805953275813	4.96102106510849	7.01235859141016e-07	6.0773774458888e-06	up
ENSSSCG00000010468	50.8226999591738	1.12054263362877	0.333777597219889	3.35715351468174	0.000787493756892577	0.00347307411949806	up
ENSSSCG00000010484	650.988498835306	1.43160662862051	0.129099868661856	11.089140860168	1.41641543953262e-28	1.04625887133476e-26	up
ENSSSCG00000010502	317.900047731369	1.54263818638493	0.182986379013329	8.43034434968825	3.44649525574404e-17	1.13860820329672e-15	up
ENSSSCG00000010509	1613.08286657931	1.24777432799882	0.101771264746871	12.2605760191969	1.4744801758162e-34	1.46471810016941e-32	up
ENSSSCG00000010531	133.94314881529	2.45618704729227	0.234665084622499	10.4667767309461	1.22751745722388e-25	7.367150605772e-24	up
ENSSSCG00000010575	1493.86953577556	1.78185441900869	0.136225495890603	13.0801830256476	4.2740982618137e-39	5.00521230594834e-37	up
ENSSSCG00000010648	537.829193216949	1.02020940267828	0.129638634082051	7.86964017248569	3.55662714530521e-15	9.75802998113834e-14	up
ENSSSCG00000010719	58.2683070779853	1.50436411982217	0.326685290784776	4.6049337458945	4.12597198461794e-06	3.06817245567562e-05	up
ENSSSCG00000010738	579.066389189649	1.38813089029817	0.126127434466057	11.0057807500377	3.58397918620785e-28	2.5811818099069e-26	up
ENSSSCG00000010741	297.929395951774	1.38627002718887	0.167491029643013	8.2766822207944	1.26654632531215e-16	3.99197664546962e-15	up
ENSSSCG00000010770	3.52907001755887	3.60935060839139	1.52413403784937	2.36813201382496	0.0178781553973489	0.0500810871924181	up
ENSSSCG00000010816	26.3098676355647	1.69556074537275	0.477398315935156	3.55166888691551	0.000382796241897662	0.00183731991612593	up
ENSSSCG00000010831	77.5063924000913	1.09196482046707	0.268903797528709	4.06080103926567	4.89046345779843e-05	0.000291565544892916	up
ENSSSCG00000010894	1437.94418587188	1.19378045746844	0.113396355093221	10.5275029033081	6.45234266887241e-26	3.98882162242224e-24	up
ENSSSCG00000010973	74.2716633059296	1.0637037854741	0.280156113707734	3.79682517506571	0.000146561072766456	0.000781876182269643	up
ENSSSCG00000011025	61.7207662877867	1.09443923961991	0.29872022849012	3.66376005117482	0.000248539630786389	0.00125612801468321	up
ENSSSCG00000011028	285.211269947324	1.88328840490375	0.166833222202612	11.2884495068768	1.49653282519266e-29	1.15273041786497e-27	up
ENSSSCG00000011036	286.73918418655	1.0816508418574	0.176149726100298	6.14051957844954	8.2251995917128e-10	1.12494300272075e-08	up
ENSSSCG00000011076	42.0896737140245	1.95923405728737	0.377579471050845	5.18893162235386	2.11504036631107e-07	1.982110698526e-06	up
ENSSSCG00000011110	30.3573524771553	1.67947201737175	0.484908480816229	3.46348245867913	0.000533231360907702	0.00248083479409384	up
ENSSSCG00000011125	17.9933432443583	2.50828645089331	0.590740730736662	4.24600221448323	2.17618479793395e-05	0.000139874010840878	up
ENSSSCG00000011196	196.19606266791	1.11144449365166	0.209182609820394	5.31327386442857	1.07673030986081e-07	1.07075589574455e-06	up
ENSSSCG00000011208	27.1386503596738	1.64567637692347	0.468449284724095	3.51302997056069	0.000443027500842093	0.00209637586140917	up
ENSSSCG00000011212	4.20192104722156	2.78853229865696	1.3666724339814	2.04038087644263	0.0413124051063814	0.100069922842654	up
ENSSSCG00000011226	4130.35552712027	1.58694123058224	0.094576590260572	16.7794295206667	3.45135706530841e-63	9.74771513111809e-61	up
ENSSSCG00000011264	352.705346149647	2.26053228562715	0.15469559133332	14.6127776890319	2.32828368030644e-48	3.89960443385278e-46	up
ENSSSCG00000011271	13.4754710307686	1.56075518791075	0.694565454351647	2.24709590454316	0.0246338986121708	0.065337678824046	up
ENSSSCG00000011294	1.91050833255905	4.6782976160719	2.3290365175902	2.00868366843489	0.0445706917871864	NA	up
ENSSSCG00000011304	187.474346498793	1.18863975504289	0.217177580581035	5.47312366158059	4.42171326185603e-08	4.65232708720046e-07	up
ENSSSCG00000011378	93.225145466242	1.20259996454677	0.266749432352626	4.50835060431173	6.53335487594463e-06	4.6935882111275e-05	up
ENSSSCG00000011407	214.551820934201	3.34262597672445	0.20123815102075	16.6102995866812	5.86993211020055e-62	1.56575003917276e-59	up
ENSSSCG00000011425	340.467068250643	1.23454839577415	0.161812471198173	7.6295009070234	2.35664273956517e-14	5.90349252533856e-13	up
ENSSSCG00000011465	290.134851866412	1.31747142428243	0.154979272226988	8.50095245222739	1.88041386762268e-17	6.37305443511462e-16	up
ENSSSCG00000011495	18.2632101710046	4.41027908690191	0.769928831204084	5.72816461490956	1.01523027867122e-08	1.17930459145002e-07	up
ENSSSCG00000011500	226.185212472822	1.200449518026	0.170949588904812	7.02224278933149	2.18334698209984e-12	4.22133287653236e-11	up
ENSSSCG00000011538	174.166346948123	1.25622926196044	0.219633440910645	5.71966298370529	1.06735547813647e-08	1.23190611434917e-07	up
ENSSSCG00000011542	366.567269234093	1.38071957677233	0.153350948579977	9.00365853330369	2.18318404781994e-19	8.73516195133288e-18	up
ENSSSCG00000011548	394.937103361696	1.04395950151376	0.153318758494035	6.80907875701572	9.822569872262e-12	1.75538829330102e-10	up
ENSSSCG00000011643	2349.44731297294	2.75316006174135	0.106372654277019	25.8822164441952	1.05612856219717e-147	1.69027508998756e-144	up
ENSSSCG00000011650	989.440165031623	1.08230912610368	0.124417161856931	8.69903403959846	3.34721118244248e-18	1.20835162586219e-16	up
ENSSSCG00000011708	837.860547373288	2.04524104324375	0.125931082953622	16.2409549356212	2.5886291919867e-59	6.54151138269761e-57	up
ENSSSCG00000011729	629.825637280197	2.18934710187976	0.144950426881805	15.1041093770975	1.52148243046101e-51	2.96154499031896e-49	up
ENSSSCG00000011730	9.96896285731827	2.2485505232961	0.829337972299894	2.71125958101314	0.00670281295558811	0.0221489602689358	up
ENSSSCG00000011752	2968.82279624849	1.0184177062863	0.0925649355587295	11.0021975399113	3.72931194841094e-28	2.67248802511996e-26	up
ENSSSCG00000011791	758.639674688891	1.50518395159471	0.144203707016504	10.4379005417832	1.66451162315822e-25	9.94839229044439e-24	up
ENSSSCG00000011803	3119.96817932192	1.68087728184439	0.126626797984613	13.2742619145171	3.26471963955975e-40	4.16150634409014e-38	up
ENSSSCG00000011819	236.703270190981	1.40317936245408	0.192871953328107	7.2751861441826	3.45943096198223e-13	7.53283478964971e-12	up
ENSSSCG00000011889	1081.82547721276	1.01238721772292	0.118783389208615	8.52296962115549	1.55513586318592e-17	5.33337546984049e-16	up
ENSSSCG00000011901	369.373015115881	1.37386515708015	0.151043786520769	9.09580717437351	9.38864572629519e-20	3.85282202397595e-18	up
ENSSSCG00000011912	476.073527003344	2.05515790011106	0.163577055270875	12.563851921089	3.33683539560536e-36	3.56027978061478e-34	up
ENSSSCG00000011923	131.609371130443	1.59361935682326	0.239248198732877	6.66094610226325	2.72070412568411e-11	4.59965049605093e-10	up
ENSSSCG00000011953	597.308053000436	1.08920754517766	0.129434822759803	8.41510438963505	3.92545186638441e-17	1.29091800647034e-15	up
ENSSSCG00000011956	314.455642860237	1.19296452033246	0.16915887346691	7.05233190481032	1.75943902206865e-12	3.45742969629971e-11	up
ENSSSCG00000011967	2.04878488024028	4.76349049322394	1.9071170032344	2.49774423129008	0.0124986335691019	0.0372579300350462	up
ENSSSCG00000011972	137.496216370813	3.12491925521708	0.263387667162283	11.8643340019854	1.81339722174794e-32	1.60246463693603e-30	up
ENSSSCG00000012026	13245.0301894091	2.36604601702007	0.106534758751088	22.2091460548401	2.80212523502662e-109	2.69078745902156e-106	up
ENSSSCG00000012029	2154.02163366366	2.12370815007685	0.106681188203698	19.9070537724216	3.5350239575994e-88	1.75580983052627e-85	up
ENSSSCG00000012050	295.379289915195	2.73691225807112	0.169698135794107	16.1281221226366	1.61867806827107e-58	3.88590648256274e-56	up
ENSSSCG00000012262	447.22643098586	1.26695362936668	0.144016798247803	8.79726285253676	1.40193660846412e-18	5.28625521160135e-17	up
ENSSSCG00000012293	129.423999261212	1.24512988218994	0.215151265878197	5.78723010114587	7.15565291923755e-09	8.49711662396518e-08	up
ENSSSCG00000012392	31.3782509250597	1.26492108145079	0.433461688723456	2.91818426947022	0.00352076223192744	0.012801907216656	up
ENSSSCG00000012494	359.116997459747	1.62475930445351	0.164668584628253	9.86684441432151	5.79592988605736e-23	2.96044588931809e-21	up
ENSSSCG00000012620	663.051359380282	1.47681727024933	0.128096151904706	11.5289745108656	9.42597848676951e-31	7.67072283183209e-29	up
ENSSSCG00000012699	753.169303336696	1.27111704804226	0.117740971558713	10.7958770104798	3.60008838544777e-27	2.45761483905165e-25	up
ENSSSCG00000012730	35.8914252729793	1.40695836413546	0.393622333736642	3.57438652115915	0.000351050022338017	0.00170425497868446	up
ENSSSCG00000012823	866.695778818174	1.35506335707699	0.116854197911549	11.596188937112	4.30840606738189e-31	3.56656787325108e-29	up
ENSSSCG00000012915	121.090790429965	1.80681850341394	0.236463091347859	7.64101701079405	2.15512584089818e-14	5.41752750650915e-13	up
ENSSSCG00000012950	28.7006870124154	1.19993295457245	0.436348369754848	2.74994256365987	0.00596057115450787	0.0200224036636034	up
ENSSSCG00000012966	161.804986148785	1.18496710218936	0.202687262018484	5.84628303914479	5.02678454234649e-09	6.08452139058478e-08	up
ENSSSCG00000012967	472.594802314718	5.31317480357776	0.223930521949426	23.7268897393886	1.90357623208631e-124	2.10916246515163e-121	up
ENSSSCG00000012996	253.46394038395	1.43629772169901	0.179027625137664	8.02277146107793	1.03385593188319e-15	3.01450624349099e-14	up
ENSSSCG00000013063	200.432536686715	1.55002041661699	0.186070532904151	8.33028418000736	8.06485290854641e-17	2.60462200212338e-15	up
ENSSSCG00000013105	174.877890406702	1.02875719062452	0.207824787501609	4.95011785163766	7.41685554904552e-07	6.40481938419974e-06	up
ENSSSCG00000013270	359.740852637073	1.61840681024938	0.148532390008447	10.8959857857087	1.20454993485992e-27	8.46357915205965e-26	up
ENSSSCG00000013303	88.9152838724902	1.24703863948576	0.347889061834066	3.58458708908923	0.000337611899661465	0.00164511563015012	up
ENSSSCG00000013333	2.14433911524104	3.7816815219485	1.82785722139665	2.06891516343873	0.0385540483994293	0.0945246830885752	up
ENSSSCG00000013361	506.848126841685	1.67677609777369	0.14151123948311	11.8490665751947	2.17601075301966e-32	1.89959144766637e-30	up
ENSSSCG00000013408	216.548619691176	1.3767069933351	0.241783175101881	5.69397350644847	1.24116351959698e-08	1.4166180139679e-07	up
ENSSSCG00000013478	85.9326516397646	1.33507655431347	0.266453654798395	5.01053947007639	5.42776641558861e-07	4.79641395399621e-06	up
ENSSSCG00000013616	51.0038597622441	1.56405540879167	0.367945524704906	4.25077981325104	2.13027514980728e-05	0.000137229352673631	up
ENSSSCG00000013662	379.417125522479	1.72175082778805	0.177798412412244	9.68372441816854	3.53594754699128e-22	1.70340429655058e-20	up
ENSSSCG00000013670	124.360673152447	1.04392979297055	0.24333728454895	4.29005277553573	1.7863066372902e-05	0.000117434782307293	up
ENSSSCG00000013722	41.1312055830982	1.3206983627763	0.3763548651589	3.50918371207636	0.000449484315678479	0.00212483494684372	up
ENSSSCG00000013735	200.33972573142	2.15632176496079	0.199877330160039	10.78822577445	3.91270212621536e-27	2.6459418509862e-25	up
ENSSSCG00000013758	73.6787537539763	1.58224061429058	0.312182623264172	5.06831737701066	4.01347796902838e-07	3.62218901415318e-06	up
ENSSSCG00000013862	143.121817817458	1.50122333868877	0.209084612267736	7.17998002055948	6.97216070329657e-13	1.44291670646959e-11	up
ENSSSCG00000014019	388.743008323604	1.22310437161009	0.140577842909952	8.70054872298446	3.3028320729042e-18	1.19532646176161e-16	up
ENSSSCG00000014028	162.990327241159	1.25720112807939	0.210543970131772	5.97120462434786	2.3550813572147e-09	2.99934499286654e-08	up
ENSSSCG00000014068	389.078755329638	1.48328787005489	0.158543476325375	9.35571683196077	8.30347292556312e-21	3.68009920060958e-19	up
ENSSSCG00000014072	628.771593474113	4.74814892242131	0.190800140745838	24.8854581755589	1.06916190105855e-136	1.40001891116794e-133	up
ENSSSCG00000014146	560.211331055712	1.46913113941663	0.145995409888732	10.0628584181949	8.06228560901009e-24	4.33317768329035e-22	up
ENSSSCG00000014168	96.2595307472199	1.23897127352183	0.278131553369375	4.45462321161528	8.40406551491506e-06	5.90210432359027e-05	up
ENSSSCG00000014235	2.39441696366877	5.01337137674918	1.88982885474685	2.6528176687305	0.00798229766064518	0.0255579080926493	up
ENSSSCG00000014242	168.938533611788	1.28934768410938	0.198555355839776	6.49364344092443	8.37849153512117e-11	1.31178034860745e-09	up
ENSSSCG00000014249	77.2380784805211	1.26766260952109	0.287722555458856	4.40585065532815	1.05369544681399e-05	7.28983151580629e-05	up
ENSSSCG00000014256	10.823863320734	1.8709210359517	0.72391894524869	2.58443441524932	0.00975388532528766	0.0301620790522635	up
ENSSSCG00000014336	2697.74839298064	4.8886184139606	0.306997277381946	15.9239797031767	4.32003080576757e-57	9.87709900417081e-55	up
ENSSSCG00000014347	42.4731652310965	1.7274803726566	0.372380640032366	4.63901767961529	3.50069109066441e-06	2.64831693644591e-05	up
ENSSSCG00000014362	743.703211873402	3.2937637478313	0.127695322209138	25.7939264402873	1.03735598225726e-146	1.49420755684336e-143	up
ENSSSCG00000014410	211.181240206562	1.03156263942725	0.179432371271631	5.74903308760062	8.97552538280192e-09	1.0519403385995e-07	up
ENSSSCG00000014440	434.115477993766	1.12030068096793	0.147267837672259	7.6072325001548	2.80027301589389e-14	6.97839662991966e-13	up
ENSSSCG00000014800	114.47373909216	1.67250929709643	0.261589872259462	6.39363169013488	1.61991354794651e-10	2.41544873132728e-09	up
ENSSSCG00000014900	90.1566578405473	2.1736906245603	0.284830792124918	7.63151556874858	2.32009815734991e-14	5.82207210077841e-13	up
ENSSSCG00000014901	1297.49082477149	1.12382329674162	0.109592209635451	10.2545910925596	1.12852632191033e-24	6.42501705169821e-23	up
ENSSSCG00000014994	3.35431598231994	3.42815012679396	1.53608871504285	2.2317396731206	0.0256321735290285	0.0675088366268287	up
ENSSSCG00000015014	872.577090156092	1.63839599819243	0.124032309247513	13.2094291248172	7.74092681358332e-40	9.52994101050035e-38	up
ENSSSCG00000015035	28.3195388762629	1.41141421891884	0.455389797438465	3.0993540629543	0.00193943097325801	0.00762849910945067	up
ENSSSCG00000015044	353.638118881354	1.1137848537342	0.146474381640652	7.60395668688786	2.87211413268516e-14	7.14506597015493e-13	up
ENSSSCG00000015089	6.54866925828096	1.92443701159152	0.968807075660637	1.98639859259825	0.0469890827916419	0.11126630613355	up
ENSSSCG00000015090	105.247112456697	1.18453180629785	0.247557022823284	4.78488468147162	1.71085531728005e-06	1.38289337767126e-05	up
ENSSSCG00000015136	293.758618379606	1.35353478834492	0.183380829393807	7.38100483468872	1.57099301829891e-13	3.56917719804062e-12	up
ENSSSCG00000015145	294.864147262599	1.71034788168609	0.174672588659822	9.79173604060467	1.2217980524337e-22	6.08954295752769e-21	up
ENSSSCG00000015211	6.72338611198134	2.3361177705736	0.997463114789471	2.34205930618966	0.0191776672738209	0.0531119245168461	up
ENSSSCG00000015222	333.935522216914	2.16755953916838	0.156738636664309	13.8291335518676	1.70056493583716e-43	2.40146444468612e-41	up
ENSSSCG00000015233	298.831330396085	1.12961952582173	0.172578497439768	6.54554039222633	5.92806325428176e-11	9.49808933422408e-10	up
ENSSSCG00000015235	1747.613129381	1.79357124218361	0.0989008797724927	18.1350382960138	1.6858159676406e-73	5.9225593165598e-71	up
ENSSSCG00000015267	14.3313576800975	2.97936780623562	0.707516687406852	4.21102125118125	2.54218827838216e-05	0.000160886115825205	up
ENSSSCG00000015334	26.4485469379958	2.19993855880619	0.507153658008567	4.33781463283664	1.43906443012564e-05	9.65453379204924e-05	up
ENSSSCG00000015368	2099.07618589052	1.9838379611418	0.122014361023743	16.2590529876706	1.92693296654229e-59	4.95634686608483e-57	up
ENSSSCG00000015401	1169.16870290455	1.39662516288966	0.310253799562496	4.50155699900891	6.74574689315193e-06	4.83171249373249e-05	up
ENSSSCG00000015423	635.370354305228	1.10215038778407	0.147024958596717	7.49634890771994	6.56199768741546e-14	1.56747951392259e-12	up
ENSSSCG00000015488	68.0918480735502	1.40941264992709	0.297716846918393	4.73407086134238	2.20060840171227e-06	1.73875827856629e-05	up
ENSSSCG00000015498	1327.16917659806	1.1362267254496	0.108059745892892	10.5148010118015	7.38365064752035e-26	4.52570655008013e-24	up
ENSSSCG00000015541	1062.63018469659	2.55668252649773	0.14960503188748	17.0895490227938	1.77541548104391e-65	5.3277259560326e-63	up
ENSSSCG00000015582	2329.19116285901	1.42783092636279	0.106049181349146	13.4638561863286	2.55240129364635e-41	3.37291635171395e-39	up
ENSSSCG00000015595	3223.64692906026	3.50310147205668	0.294810778712818	11.8825420405308	1.45862979447639e-32	1.30497537637502e-30	up
ENSSSCG00000015611	757.867438153383	1.3968203844015	0.122507374442783	11.4019289920697	4.08955858855976e-30	3.2365935115173e-28	up
ENSSSCG00000015659	1667.42515458375	2.66437739691873	0.129461019181564	20.5805377847523	4.10106460313803e-94	2.68507884289092e-91	up
ENSSSCG00000015712	1854.81451192544	1.22552307611665	0.124542122905862	9.84022953457276	7.55382990001103e-23	3.8447125752565e-21	up
ENSSSCG00000015733	34.5605049288704	2.27186873898056	0.434479651644852	5.22894163254763	1.70483172736032e-07	1.63273910910226e-06	up
ENSSSCG00000015742	70.0779458924243	1.23629066389014	0.309572898449828	3.99353648229806	6.509505757188e-05	0.000377163800991697	up
ENSSSCG00000015779	285.791839931988	1.12495395888393	0.187614585632273	5.99609009658161	2.0212490855072e-09	2.6111275181745e-08	up
ENSSSCG00000015839	70.7945790402722	2.56317968493848	0.398542668400319	6.43138084869718	1.26449885132749e-10	1.925353219294e-09	up
ENSSSCG00000015886	1564.73043355906	1.28393238242813	0.126223286611593	10.1719137323604	2.64656951762078e-24	1.46619951276191e-22	up
ENSSSCG00000015891	3.70296429782809	3.00018021024736	1.35842544200962	2.20857186376674	0.0272044341732246	0.0708779757386786	up
ENSSSCG00000015930	20.510642588013	2.20837526210807	0.544673435452957	4.05449415808495	5.02429060395381e-05	0.000298186575440258	up
ENSSSCG00000016036	641.191844816084	1.2696765270998	0.136023213705487	9.33426356069537	1.01695744349355e-20	4.46593140734178e-19	up
ENSSSCG00000016041	293.480828833939	1.92626005849362	0.163971535881821	11.7475270822732	7.27157744159297e-32	6.19762138868078e-30	up
ENSSSCG00000016056	7161.49122784693	1.43498983296137	0.113439278976703	12.64984973376	1.12088998194472e-36	1.23246559541464e-34	up
ENSSSCG00000016062	1400.54904353572	2.47067788577664	0.12195180029096	20.259462179992	2.93147155819051e-91	1.68899665296704e-88	up
ENSSSCG00000016076	238.836854139496	1.1136729416926	0.189010963095373	5.89210765055277	3.8130063052345e-09	4.69825002742495e-08	up
ENSSSCG00000016087	197.003561770876	1.07042242391581	0.200643607128535	5.33494407937991	9.55740072251569e-08	9.56005555604972e-07	up
ENSSSCG00000016123	390.74532063242	1.09240584617722	0.185653693289575	5.88410511431807	4.00213438585747e-09	4.89361151900602e-08	up
ENSSSCG00000016125	669.112270040438	1.21174965660609	0.121134971757136	10.0033015984478	1.47399134379753e-23	7.83445436016959e-22	up
ENSSSCG00000016140	529.162314111421	3.46699315154725	0.159752351030062	21.7022981458021	1.95161204124861e-104	1.56172332456361e-101	up
ENSSSCG00000016153	3.36247706255449	4.48071390155165	1.64928485777017	2.71676168033796	0.00659240581409505	0.0218442634796929	up
ENSSSCG00000016164	752.836907791322	1.29487181398898	0.140721524735401	9.20166134089101	3.52457624685187e-20	1.47581384475739e-18	up
ENSSSCG00000016200	43.8773456466045	2.42370619809979	0.377675093170023	6.4174372150315	1.38587484797291e-10	2.09027657698449e-09	up
ENSSSCG00000016230	100.26594362806	1.47211600795815	0.250098949403516	5.88613431391511	3.95333075766329e-09	4.84215784297467e-08	up
ENSSSCG00000016239	6.39597832504917	3.47604001160855	1.15438100516459	3.01117221788741	0.00260241206306782	0.00982315077474552	up
ENSSSCG00000016332	3.17353297413729	4.3929470606292	1.66967416708318	2.63102055912106	0.00851288860240255	0.0269138822276133	up
ENSSSCG00000016338	52.9440062883775	2.39887036683063	0.368507882307832	6.50968536088664	7.5308375901959e-11	1.18680727187289e-09	up
ENSSSCG00000016426	33.0273239080839	1.08352920622966	0.465120804740817	2.32956512627604	0.019829147134378	0.0545178536597787	up
ENSSSCG00000016510	207.774454623275	1.07036510120928	0.179156354227687	5.97447467505933	2.30832787747025e-09	2.9554804219628e-08	up
ENSSSCG00000016578	133.764147207709	2.36374221723473	0.250097034194846	9.45130047161287	3.34646779817788e-21	1.51580258380359e-19	up
ENSSSCG00000016619	82.7905956126874	1.37702517590623	0.288499411339122	4.77306060873579	1.8144715664935e-06	1.46009209183086e-05	up
ENSSSCG00000016646	1660.47114474495	2.34731191527182	0.118983010288594	19.7281268105286	1.2366850628059e-86	5.56662863895507e-84	up
ENSSSCG00000016653	221.362497107863	1.79714150645656	0.199074683338001	9.02747389232443	1.75680212379955e-19	7.10813982899122e-18	up
ENSSSCG00000016662	21.6748260191308	2.26256945762106	0.567345191127612	3.98799442209804	6.66342300035911e-05	0.000385152266842587	up
ENSSSCG00000016665	257.234591854524	1.19738362899714	0.187167963953966	6.39737486962051	1.58070921985485e-10	2.36433391513907e-09	up
ENSSSCG00000016684	954.252630225464	1.19330472448777	0.125314723741888	9.52246223632612	1.69123528341015e-21	7.83297524830863e-20	up
ENSSSCG00000016690	207.959313557715	3.61906811537785	0.253267484020658	14.2895094858788	2.54394938520997e-46	3.94011257468434e-44	up
ENSSSCG00000016758	128.043173923772	1.02322910068805	0.21450337378851	4.77022380867962	1.8402134274219e-06	1.4791536946755e-05	up
ENSSSCG00000016827	425.500374276018	1.5872883211715	0.166024374876345	9.56057399616001	1.17105391268835e-21	5.49441711998795e-20	up
ENSSSCG00000016882	1238.38131761583	2.40496417517299	0.166970099743164	14.4035619483509	4.91440499625191e-47	8.04398745068324e-45	up
ENSSSCG00000016892	5.82568718082087	2.91622966199485	1.09713467324063	2.65804165443164	0.00785961781044483	0.025225030067212	up
ENSSSCG00000016900	7.18260363529778	6.57971433112458	1.46234598745411	4.49942379407736	6.81379000233922e-06	4.87560015865346e-05	up
ENSSSCG00000016925	2643.56779733628	3.99785263030765	0.392319190420765	10.1903060770999	2.19073381812222e-24	1.22783384888064e-22	up
ENSSSCG00000016941	189.916780865673	1.82852533931335	0.205684400556399	8.88995633294009	6.11329292968156e-19	2.36709331610573e-17	up
ENSSSCG00000016956	414.210920221136	1.24692136980686	0.160205364783983	7.78326850344983	7.06744152578905e-15	1.87131300987988e-13	up
ENSSSCG00000016991	684.307665376389	3.30901816348664	0.166124808639239	19.9188681726194	2.7923123167189e-88	1.43644523607211e-85	up
ENSSSCG00000017066	1825.60450587546	1.22818734522655	0.117928935745524	10.4146394391011	2.12601647903622e-25	1.26021157876698e-23	up
ENSSSCG00000017099	261.685422332328	1.06575001164909	0.171510991664771	6.21388752583371	5.16895332005008e-10	7.21449647500013e-09	up
ENSSSCG00000017100	607.305570645632	1.34008137670526	0.140256471070632	9.55450658693961	1.24174204244008e-21	5.80715986341133e-20	up
ENSSSCG00000017165	242.758536376063	1.5310880739025	0.218076830830498	7.02086538983387	2.20498214632926e-12	4.25744810130385e-11	up
ENSSSCG00000017205	204.459230827293	1.04408996634504	0.176434087961453	5.91773380307977	3.26407680685745e-09	4.07768970736988e-08	up
ENSSSCG00000017261	14.7915467319349	1.21137368736841	0.608440256223263	1.9909492755915	0.0464864641082135	0.110275202406902	up
ENSSSCG00000017301	349.100475344288	1.00123877374479	0.146905962671121	6.81550806747218	9.39312022652575e-12	1.69334798176317e-10	up
ENSSSCG00000017330	248.586178075533	2.00316836126629	0.193801341492282	10.3361945064042	4.83352128556647e-25	2.79606588744174e-23	up
ENSSSCG00000017384	27.8019740470929	1.03310625847994	0.445683759072237	2.31802536540823	0.0204479425477221	0.0559547115451547	up
ENSSSCG00000017516	52.8617603794622	1.15003868190777	0.34842960584943	3.30063422453472	0.000964665578880227	0.00414777402931069	up
ENSSSCG00000017672	2805.80762624633	1.19665313085321	0.101977663003274	11.7344631717516	8.4863046404657e-32	7.14834690299813e-30	up
ENSSSCG00000017730	14.9398015597918	1.55433320612852	0.616278231545558	2.52212901018818	0.0116646919269308	0.0352461133869335	up
ENSSSCG00000017745	772.404195307487	1.11783884591835	0.124868862750755	8.9521024000164	3.48775196527206e-19	1.37261145649669e-17	up
ENSSSCG00000017766	33.1371524836196	1.04762609649257	0.419825418429578	2.4953851065316	0.01258204941182	0.0374706437066688	up
ENSSSCG00000017785	2651.6383653327	1.08633438558035	0.092331432725989	11.7655965418002	5.87098861108833e-32	5.03367380679264e-30	up
ENSSSCG00000017795	346.977669956109	1.73075546777665	0.183729213733544	9.42014300614551	4.50474069101092e-21	2.02769640354129e-19	up
ENSSSCG00000017806	236.29918998388	1.89850104510208	0.195833178387901	9.6944810921752	3.18251285327801e-22	1.5486795654938e-20	up
ENSSSCG00000017832	802.009568442367	1.28522260331235	0.127524121927988	10.0782705568293	6.89286302473204e-24	3.71853179806144e-22	up
ENSSSCG00000017879	342.384104929891	1.34716748625862	0.162365908916119	8.29710802748986	1.06676368357035e-16	3.41459202181052e-15	up
ENSSSCG00000017962	458.507766465924	2.67920002520249	0.165085259272451	16.2291899168346	3.13570386697393e-59	7.78735836205044e-57	up
ENSSSCG00000017986	273.240041310755	1.23626319980788	0.160834729868259	7.68654382558115	1.51162920687946e-14	3.87428951884196e-13	up
ENSSSCG00000018008	524.109416216272	1.02679523462302	0.137400944545035	7.47298526966442	7.83956263528987e-14	1.84813519146834e-12	up
ENSSSCG00000018027	548.430801856171	1.01021762578438	0.136432731894711	7.40451071934844	1.31634895596208e-13	3.01921821045825e-12	up
ENSSSCG00000018053	225.72924629027	1.22076840815402	0.179550247386817	6.79903495495632	1.05322263551271e-11	1.87291590641051e-10	up
ENSSSCG00000020666	216.680022698007	1.09818191158207	0.172640645131929	6.36108554125744	2.00332831570988e-10	2.94749142589224e-09	up
ENSSSCG00000020678	48.6583557190767	1.21755249802126	0.330730709532605	3.68140140279663	0.000231955488989377	0.00118394289985931	up
ENSSSCG00000020754	161.940170210388	1.96483941827689	0.234601958488031	8.37520466981579	5.51279806707568e-17	1.79246824736248e-15	up
ENSSSCG00000020842	326.757113510361	1.23225751093178	0.15024410715845	8.2017027771493	2.37005691691799e-16	7.26346804920993e-15	up
ENSSSCG00000020879	420.382298379394	1.18240209897406	0.151580378291537	7.8004957653551	6.16644369484691e-15	1.64789341336874e-13	up
ENSSSCG00000020885	1284.46094188331	1.22926013909298	0.138092712811671	8.90170171955001	5.49969001232602e-19	2.14101445777146e-17	up
ENSSSCG00000020927	2867.91918494442	1.29962788274408	0.125402084623563	10.3636864302963	3.62707542377937e-25	2.11515766818292e-23	up
ENSSSCG00000020970	115.040158875342	6.71906734079541	0.556169843002724	12.0809630822837	1.33150942710928e-33	1.24539362260273e-31	up
ENSSSCG00000021027	29.8531875396839	2.18258461005351	0.463471141354024	4.70921361722139	2.48674343618063e-06	1.93212790353551e-05	up
ENSSSCG00000021092	236.729844645925	1.33073438060287	0.179573506268108	7.41052735594551	1.2579816815924e-13	2.88994707203461e-12	up
ENSSSCG00000021184	457.778981241142	1.12329240127851	0.132728935340162	8.46305591467074	2.6046075442262e-17	8.68443682107273e-16	up
ENSSSCG00000021322	1498.87613847552	1.45688301007273	0.10730257001767	13.5773356577836	5.45758233237203e-42	7.48676342052255e-40	up
ENSSSCG00000021359	281.1168890084	1.19531224151853	0.164302191330767	7.2750839890636	3.46204986861157e-13	7.53283478964971e-12	up
ENSSSCG00000021443	5015.17893855229	1.25683403685509	0.11515113213799	10.9146476766635	9.81089627897198e-28	6.92726225501531e-26	up
ENSSSCG00000021569	87.9731707857353	6.33103147061324	0.579360812262066	10.9276142545683	8.50552342823917e-28	6.03515071233286e-26	up
ENSSSCG00000021597	52.4882310450966	1.21789929154024	0.370742858571572	3.28502427864062	0.00101973584215273	0.0043572456453183	up
ENSSSCG00000021612	131.504857392683	1.42973442137592	0.218165089077384	6.55345191763832	5.62220413545721e-11	9.05841480616619e-10	up
ENSSSCG00000021731	1104.96413559955	1.29134158348687	0.106502205090154	12.1250220349311	7.78392625925329e-34	7.32808325740421e-32	up
ENSSSCG00000021941	57.596787585413	1.1025267213927	0.331339948545356	3.32747900225433	0.000876355933260924	0.00381245269184245	up
ENSSSCG00000021946	58.2169608561612	2.03220240545211	0.356227902112203	5.70478166758542	1.16492310526965e-08	1.33595162486497e-07	up
ENSSSCG00000022081	5638.46780336711	1.20886575875023	0.0901867053457431	13.4040350417046	5.72632268603303e-41	7.36445999728748e-39	up
ENSSSCG00000022155	924.982639200255	1.26496750452565	0.109763114529187	11.5245226955481	9.92607479101782e-31	8.0323135556079e-29	up
ENSSSCG00000022225	1537.32103197756	1.02286477809318	0.104122665189729	9.82365151938195	8.90579062869647e-23	4.4852800075435e-21	up
ENSSSCG00000022288	212.16159951901	1.16190471098039	0.177047861165403	6.56265883887129	5.28566872548109e-11	8.60279913241012e-10	up
ENSSSCG00000022419	787.017933564974	1.33038592169703	0.129088393220609	10.3060072908602	6.61945375194305e-25	3.81386447371951e-23	up
ENSSSCG00000022447	972.06771053426	2.74312760177379	0.143581149430852	19.1050678494176	2.29129600696456e-81	8.91995342819392e-79	up
ENSSSCG00000022616	513.681746204668	1.08122534332427	0.130921716004864	8.25856379154165	1.47435664791443e-16	4.61665938186075e-15	up
ENSSSCG00000022634	64.8054587616359	2.14013573493544	0.332829511850648	6.43012611182085	1.2749812019823e-10	1.93721827356045e-09	up
ENSSSCG00000022649	61.6617558564114	1.53671095854103	0.359367814452396	4.27615077572449	1.90152464722432e-05	0.00012393466524262	up
ENSSSCG00000022656	327.372795857543	1.44088857917698	0.156094031360392	9.23090118577463	2.68364407340963e-20	1.13358384848658e-18	up
ENSSSCG00000022689	272.576529460437	2.54844819674053	0.170440847561895	14.9520976526186	1.50919375378403e-50	2.75169959867154e-48	up
ENSSSCG00000022714	385.389752125247	1.62513584305124	0.152050615648618	10.6881240573656	1.15687207961467e-26	7.64384652971086e-25	up
ENSSSCG00000022780	279.26793743242	1.45804342267065	0.203176126245105	7.17625367515729	7.16475604566493e-13	1.48064771996783e-11	up
ENSSSCG00000022839	1999.39298631343	3.25326677299878	0.148604641877748	21.892093893508	3.08990288441749e-106	2.61805653806762e-103	up
ENSSSCG00000022952	887.752653045162	1.51550172409559	0.124776293907734	12.145750419677	6.042563054602e-34	5.84141464687833e-32	up
ENSSSCG00000023027	32.1905117999191	1.48914072803034	0.426993311356972	3.48750364097716	0.000487552284880402	0.00228976299687555	up
ENSSSCG00000023072	3.28623585765036	4.40964751014006	1.65721658987696	2.6608757944352	0.00779377013368837	0.0250677675206761	up
ENSSSCG00000023097	127.259554002245	1.30331556025734	0.220215477743434	5.91836492880753	3.25157878081283e-09	4.06560249642604e-08	up
ENSSSCG00000023160	6.58807772716217	2.35796645969226	0.992281216088754	2.37630867284437	0.0174868275187601	0.049214588429117	up
ENSSSCG00000023165	18.9055799860591	1.45609376564455	0.558032372853114	2.60933565233826	0.00907182107568873	0.0283634709733494	up
ENSSSCG00000023173	226.140719567247	1.26180119371187	0.211284617373642	5.97204476784253	2.34298212286875e-09	2.98880773638647e-08	up
ENSSSCG00000023174	790.896477880142	1.21064069270988	0.132627161652318	9.12815050572799	6.96794627561708e-20	2.88408902741346e-18	up
ENSSSCG00000023177	207.621246746417	1.41331118680566	0.210831568248866	6.70350839081834	2.0347400585794e-11	3.5099875214105e-10	up
ENSSSCG00000023195	96.1940395238721	1.23364500597703	0.2648349851095	4.65816480200666	3.19040765937901e-06	2.42632692321517e-05	up
ENSSSCG00000023266	1847.83101354476	1.36453873475576	0.103553847789471	13.1770935014402	1.18883304962171e-39	1.42699593722926e-37	up
ENSSSCG00000023315	1141.76323127547	2.72906810525412	0.134879503437586	20.2333789471353	4.97725590366628e-91	2.75739977063112e-88	up
ENSSSCG00000023396	4.04608857029348	3.0956371814101	1.35064453286431	2.29197031941868	0.021907355933834	0.0593257294361619	up
ENSSSCG00000023408	1124.02514023805	1.62464146465888	0.114752242137579	14.1578189183533	1.67100349326043e-45	2.56054620392801e-43	up
ENSSSCG00000023611	239.859032170555	1.08236992247084	0.199477542764846	5.42602393968124	5.76232337526723e-08	5.95412524371228e-07	up
ENSSSCG00000023658	50.0373016903593	1.14936601172497	0.333027972139001	3.45125967750613	0.000557976430894837	0.00258095456345833	up
ENSSSCG00000023714	35.2412565011609	1.65655240989416	0.431425884153649	3.8397149330618	0.000123177251846377	0.000668265587794807	up
ENSSSCG00000023775	157.008130769507	2.26480304285554	0.21601626471873	10.4844098003661	1.01879754340432e-25	6.1658654685697e-24	up
ENSSSCG00000023784	4811.4162851676	1.40040041327773	0.121232867462043	11.5513263242428	7.26899058811388e-31	5.98300231035385e-29	up
ENSSSCG00000023849	4.83389624120906	2.57634794863646	1.13836018219727	2.2632098249111	0.0236227578651634	0.0631753071462706	up
ENSSSCG00000023873	3447.80065878058	1.47202321816782	0.122893470887916	11.9780425073222	4.63130145924669e-33	4.22210545689806e-31	up
ENSSSCG00000023956	1163.51209694744	1.49403657616392	0.120907106635775	12.3568962795927	4.47087697738656e-35	4.56727035335291e-33	up
ENSSSCG00000023991	299.674158301732	1.19417629359344	0.182616061915067	6.53927305774913	6.1818568571228e-11	9.88273764372883e-10	up
ENSSSCG00000024060	15.8238894148433	1.86033419697377	0.633781226455821	2.93529394579417	0.00333231849666202	0.0122103066970032	up
ENSSSCG00000024067	54.4597363357199	1.01078856901317	0.317534808963733	3.18323705143337	0.0014563832704117	0.00592591656130231	up
ENSSSCG00000024081	176.642253132036	1.1513826509483	0.197225394154062	5.83790264882879	5.28620276581493e-09	6.37709084077037e-08	up
ENSSSCG00000024096	401.076411573007	1.1156201244432	0.188009593572502	5.93384679603059	2.95917977223302e-09	3.71937394757805e-08	up
ENSSSCG00000024174	391.141308702942	1.25528741668927	0.179434581964395	6.99579424961881	2.63760379151851e-12	5.01876420251422e-11	up
ENSSSCG00000024193	475.286434150558	1.20326588118148	0.147255090828708	8.17130242771137	3.05077797934756e-16	9.27076076255744e-15	up
ENSSSCG00000024312	202.54573889778	2.44011985088396	0.228811136249673	10.6643404288739	1.49455673189213e-26	9.78527053007918e-25	up
ENSSSCG00000024363	45.7954785536737	2.2514608402076	0.412580463314691	5.45702242447269	4.84185226516326e-08	5.0537710164791e-07	up
ENSSSCG00000024424	2286.69275138462	1.08868959738305	0.102524660227219	10.6188071725403	2.43654621570781e-26	1.56678623620782e-24	up
ENSSSCG00000024496	3.69145117275007	4.60999603962783	1.6040547462453	2.87396427735319	0.00405354808559973	0.0143881977883141	up
ENSSSCG00000024517	740.186214906022	1.34384736386968	0.127591162024651	10.5324486629414	6.12208649935694e-26	3.80097129037661e-24	up
ENSSSCG00000024529	170.938304514764	1.16311294838269	0.202277580260095	5.75008336013871	8.91994580859158e-09	1.04627768262991e-07	up
ENSSSCG00000024549	1.77483877252395	4.56688115767533	1.98353786544118	2.30239171998845	0.0213130914964468	NA	up
ENSSSCG00000024596	330.597286180867	3.32887775031984	0.188828528038591	17.6291039542474	1.47282688527327e-69	4.93362754778516e-67	up
ENSSSCG00000024618	991.512455736041	1.99015077877697	0.130268512394468	15.2772971932816	1.08341839120658e-52	2.13774774067666e-50	up
ENSSSCG00000024626	414.063347563738	1.11073581008977	0.143443671956139	7.74335873407789	9.68243549180299e-15	2.52655436275236e-13	up
ENSSSCG00000024674	1578.28462202473	1.31020691080395	0.106119277151016	12.346549524074	5.08457719040615e-35	5.1215559336091e-33	up
ENSSSCG00000024771	100.057928381748	1.0687214629251	0.249408342429543	4.28502692618236	1.82717057216281e-05	0.000119629840551969	up
ENSSSCG00000024794	459.088649364798	1.05929551047814	0.134560071329043	7.87228707606598	3.48215991666514e-15	9.60862671257561e-14	up
ENSSSCG00000024970	559.476081037248	1.4272991046952	0.135109832507342	10.5639913706328	4.37647977392659e-26	2.76486029226485e-24	up
ENSSSCG00000025053	317.57421147595	1.30642674327974	0.181605227605704	7.19377278123411	6.30250481514974e-13	1.31949533949734e-11	up
ENSSSCG00000025139	331.920549691457	1.66489794130853	0.159875107731964	10.4137408563927	2.14618705375662e-25	1.26695402960289e-23	up
ENSSSCG00000025179	274.031362679936	1.1286664711073	0.161824943751045	6.97461370877203	3.06712387749569e-12	5.78257229469213e-11	up
ENSSSCG00000025194	437.922138083014	1.82763901034768	0.138239995844382	13.2207687014478	6.65800091416865e-40	8.26740044549011e-38	up
ENSSSCG00000025206	119.772155969296	1.76553556101791	0.243592207964077	7.24791476613355	4.23236796817068e-13	9.07187919844203e-12	up
ENSSSCG00000025208	27.1032986592035	3.16095225600184	0.55355243337256	5.71030324398267	1.1277504856253e-08	1.29538421012335e-07	up
ENSSSCG00000025218	178.204081128642	1.29510623358669	0.191168831877816	6.7746725282835	1.24688358969221e-11	2.19561261930643e-10	up
ENSSSCG00000025245	54.7455697381876	1.31093167635545	0.346012019426347	3.78868826154895	0.000151444806431343	0.000805245844162813	up
ENSSSCG00000025287	51.0613221428968	1.14727177680174	0.330206882860495	3.47440297689505	0.000511991484294644	0.00239051064498543	up
ENSSSCG00000025290	180.107461360265	1.39543121900393	0.216245118620864	6.4530067911059	1.09652443105031e-10	1.69285508090553e-09	up
ENSSSCG00000025298	356.09164621703	1.49633282601729	0.149599943285041	10.0022285647947	1.49005413876303e-23	7.89071316718482e-22	up
ENSSSCG00000025355	514.774280420095	1.01822084216796	0.136833494030161	7.44131288457429	9.96895151094741e-14	2.3197540801888e-12	up
ENSSSCG00000025447	243.483685983364	1.58866011667376	0.191635307449973	8.29001783551021	1.13231488110381e-16	3.60837689102196e-15	up
ENSSSCG00000025582	146.525244828316	1.16921956976651	0.218903765843469	5.34124922548197	9.23082457614819e-08	9.25910843975199e-07	up
ENSSSCG00000025588	134.016526917605	1.70306302581985	0.285791908485975	5.95910162342274	2.53628347588897e-09	3.21590028051978e-08	up
ENSSSCG00000025598	93.5097404380059	1.21567399973454	0.270846592329169	4.4884227240234	7.17524422964776e-06	5.10633487568411e-05	up
ENSSSCG00000025691	357.409532562855	1.02285523816679	0.153593453586893	6.65949761711766	2.74765158809408e-11	4.63976242378746e-10	up
ENSSSCG00000025698	2598.57987371918	1.49226791719418	0.709704592949281	2.1026606450338	0.0354954445708051	0.0882423858470618	up
ENSSSCG00000025717	18.4428355439634	1.43033772594894	0.541412134329692	2.64186492184886	0.00824509318961021	0.0262516185462302	up
ENSSSCG00000025791	80.0066670853417	1.59037548573286	0.290102410579782	5.48211744450668	4.20265072740732e-08	4.44130455448093e-07	up
ENSSSCG00000025892	203.092730696319	1.63959426646673	0.184225413260899	8.89993534249666	5.58792300052812e-19	2.16949980861475e-17	up
ENSSSCG00000025906	285.339792424322	1.17172475735758	0.15808181009109	7.41214157835371	1.24275978770147e-13	2.86411391712833e-12	up
ENSSSCG00000025975	27.642030388636	1.630028184723	0.442532878614457	3.68340582924938	0.000230138327259623	0.00117550087441405	up
ENSSSCG00000026038	146.0443905928	1.72606125688983	0.220140357747725	7.84073067995941	4.47932232715118e-15	1.21506890396018e-13	up
ENSSSCG00000026041	654.262906859051	2.72668284698434	0.142679897049629	19.1104907093948	2.06517819952649e-81	8.26300744054988e-79	up
ENSSSCG00000026079	62.3442308417063	1.01957066962133	0.309073998245352	3.29879147197614	0.000971020142877535	0.0041701175128229	up
ENSSSCG00000026108	326.071749124329	1.07298449464322	0.16063486604334	6.67964882763201	2.39515492899816e-11	4.07317728421363e-10	up
ENSSSCG00000026113	922.995338749865	1.05720976643097	0.147577827828844	7.16374391725758	7.85029898085149e-13	1.61767820486674e-11	up
ENSSSCG00000026233	194.605711001126	1.07409555016039	0.206578409631373	5.19945696201774	1.99871598324487e-07	1.8828976470019e-06	up
ENSSSCG00000026276	403.577159522017	1.29475089608735	0.151235359431679	8.5611651994139	1.11732468491645e-17	3.89683892531151e-16	up
ENSSSCG00000026365	4.58142725731425	2.8968835872317	1.18448215107602	2.44569627714532	0.0144572732612923	0.0420437238149918	up
ENSSSCG00000026404	35.4119719078723	1.35452588346358	0.40872709750864	3.31401047721076	0.000919680610543116	0.00397810195623515	up
ENSSSCG00000026454	454.657064973681	3.67703529375892	0.187749296620524	19.5848152826419	2.08360975097043e-85	9.0946408645388e-83	up
ENSSSCG00000026622	252.645886371632	1.28189196868582	0.168987131235113	7.58573720564741	3.30601892681318e-14	8.19619563198227e-13	up
ENSSSCG00000026700	67.550459036932	1.12082010420267	0.365535813712372	3.06623882573817	0.00216770093749582	0.00836420152791047	up
ENSSSCG00000026752	397.135559300751	1.12583211221272	0.153811521013823	7.31955645969809	2.48791889283809e-13	5.5132282665292e-12	up
ENSSSCG00000026772	28.2936983781453	1.21265042958002	0.448894072938564	2.70141777912488	0.00690445493333179	0.0226748219014389	up
ENSSSCG00000026829	517.392899402593	1.23767152061131	0.169440373881086	7.30446641648651	2.78369183985165e-13	6.14973884374588e-12	up
ENSSSCG00000026931	146.397528842784	1.7307457982247	0.211611140814381	8.17889734710546	2.86453004010062e-16	8.74167175796808e-15	up
ENSSSCG00000027017	335.002967262676	1.97971504474052	0.1640533873323	12.0675048344506	1.56817272657908e-33	1.45728773894485e-31	up
ENSSSCG00000027110	98.97313147583	1.6737645477313	0.264540232844932	6.32706991194199	2.49860170231257e-10	3.61707124825228e-09	up
ENSSSCG00000027119	24.6509284786747	1.35051785866022	0.471106695220908	2.86669213653807	0.00414786292960501	0.014661550340621	up
ENSSSCG00000027130	548.1129231811	1.73981941177456	0.203384932824708	8.55431809825393	1.18567530542696e-17	4.10540074504084e-16	up
ENSSSCG00000027144	2.23983571349618	4.89380672161907	1.8471471683435	2.64938647309178	0.00806380593749021	0.025742258410829	up
ENSSSCG00000027206	1782.27774913584	1.92499371344832	0.127714063128617	15.0726839808528	2.44956101901848e-51	4.70446358905896e-49	up
ENSSSCG00000027211	334.065389652462	1.50787594287718	0.162162282362728	9.29856142197315	1.42358693164581e-20	6.19496862943389e-19	up
ENSSSCG00000027294	2076.28661531344	1.23416253413792	0.117365870212356	10.5155147054666	7.32795792155059e-26	4.51076520948781e-24	up
ENSSSCG00000027334	319.411465213615	1.49045929355541	0.152124560008666	9.79762435119287	1.15264605799012e-22	5.76483118725338e-21	up
ENSSSCG00000027361	69.1610262964887	1.06833485275978	0.347393184043007	3.07529019517988	0.00210297827386893	0.0081581737292777	up
ENSSSCG00000027480	1549.85120082187	1.71118752952328	0.108150437708647	15.8222894495642	2.18404160354836e-56	4.91545863398602e-54	up
ENSSSCG00000027529	1292.09489830762	1.19080056622852	0.123620984254147	9.63267339613162	5.81953477899019e-22	2.74834685103524e-20	up
ENSSSCG00000027607	630.447601235294	3.72266079157366	0.456217857279208	8.15983138795763	3.35492594283295e-16	1.00885914990743e-14	up
ENSSSCG00000027646	679.890702420203	1.61532656686605	0.130759058852166	12.3534581928454	4.66616479555065e-35	4.73319983909237e-33	up
ENSSSCG00000027652	1561.62984057992	1.26968809357489	0.112960590111198	11.2400979166718	2.59094809798884e-29	1.98510725550166e-27	up
ENSSSCG00000027676	2105.61116736293	1.15769015663825	0.123352740409912	9.38520014059793	6.27970633353693e-21	2.80039907208253e-19	up
ENSSSCG00000027689	484.061809037118	1.06393662761014	0.15626939671979	6.80834923499391	9.87249736988167e-12	1.76212456153377e-10	up
ENSSSCG00000027745	37.8161862669935	1.04116654551233	0.437251110162155	2.38116386971829	0.0172580328337596	0.0486752897860727	up
ENSSSCG00000027777	673.408636228647	1.00356093349794	0.118287176700039	8.48410589799465	2.17383719454956e-17	7.31587639025511e-16	up
ENSSSCG00000027792	69.3562903957867	1.02665928172543	0.279388255323338	3.67466871696975	0.000238158226842251	0.0012134528119688	up
ENSSSCG00000027846	517.575582884961	1.71798206337719	0.161384860332159	10.6452492497827	1.83492533564259e-26	1.18521365625991e-24	up
ENSSSCG00000027872	1176.32156594689	1.06329847810429	0.11293651994295	9.41501011932553	4.73036831052389e-21	2.12262383628617e-19	up
ENSSSCG00000027974	64.5516581450645	1.15011767713241	0.33834625537939	3.39923276479823	0.000675751803333576	0.00304077756176721	up
ENSSSCG00000028007	482.913551139483	1.2914951115939	0.136507554462047	9.46097904019647	3.05073239168675e-21	1.38620660472732e-19	up
ENSSSCG00000028056	129.251118942758	1.6940330392317	0.261672464424545	6.47386817316495	9.55252515693664e-11	1.48110411582901e-09	up
ENSSSCG00000028065	606.606167632705	2.0937771302061	0.141230586786484	14.8252384830173	1.00621917502363e-49	1.81169762463006e-47	up
ENSSSCG00000028159	78.9654369292867	2.07700853364576	0.287275481982906	7.23002366686256	4.82909871367865e-13	1.02744959928844e-11	up
ENSSSCG00000028182	234.60745733626	1.19913994985562	0.231185772621639	5.18691066607348	2.13811229371538e-07	2.00112862109658e-06	up
ENSSSCG00000028277	21.1569492027683	2.33939434490941	0.611672516081242	3.8245863324006	0.00013099183975008	0.000706669086052492	up
ENSSSCG00000028304	1314.79607022577	1.68471348176237	0.168145648791091	10.0193700751395	1.25298977327462e-23	6.68446840527689e-22	up
ENSSSCG00000028322	256.071130201082	3.90324832587421	0.235044903153824	16.6063942399966	6.2647450271926e-62	1.64067977039422e-59	up
ENSSSCG00000028350	4.71435238433013	2.61591783253897	1.20923592046556	2.1632816130138	0.0305195264124983	0.0776958745927228	up
ENSSSCG00000028372	113.169022444188	1.80846541055307	0.250999238690342	7.20506333002935	5.80168787307941e-13	1.22174725327245e-11	up
ENSSSCG00000028454	497.186238198305	1.02598261560222	0.129840147697182	7.90189039213864	2.7470493533819e-15	7.63870634867044e-14	up
ENSSSCG00000028466	244.608682785416	1.6669750894005	0.175134410643368	9.51826133583203	1.76100612273142e-21	8.12997826661006e-20	up
ENSSSCG00000028536	379.951587194604	1.09598614793231	0.139537497257475	7.85442027751147	4.01625434926165e-15	1.0956463569463e-13	up
ENSSSCG00000028538	876.364310817123	1.08472986677075	0.110274856968799	9.83660189264773	7.83112693632406e-23	3.97181522502859e-21	up
ENSSSCG00000028552	645.191972636806	1.3771424507603	0.198135157201323	6.95052039331414	3.63941182253009e-12	6.81691650087432e-11	up
ENSSSCG00000028572	66.2077091644497	1.20737474875426	0.318345921535433	3.79265028096136	0.000149047993866805	0.00079426093365056	up
ENSSSCG00000028585	1125.04751421234	1.88879081458246	0.108809240886939	17.358735335219	1.69414167630765e-67	5.30487319685551e-65	up
ENSSSCG00000028602	386.85731385983	1.19121017858645	0.16429586917962	7.25039640092311	4.15553627092814e-13	8.93378275320132e-12	up
ENSSSCG00000028609	1003.21138042062	1.07413062510789	0.131682606273681	8.15696662986367	3.43543255104989e-16	1.03091605136089e-14	up
ENSSSCG00000028633	1586.26296791109	1.2741342269886	0.11838968783953	10.7622061535935	5.19122710905037e-27	3.46177941105378e-25	up
ENSSSCG00000028637	33.301341823675	1.68592884513868	0.544625912532974	3.09557222001737	0.00196433529946821	0.00771381833520724	up
ENSSSCG00000028724	38.5941245523883	1.85435187590523	0.387251593130219	4.7884938598088	1.68037704179732e-06	1.36131332452467e-05	up
ENSSSCG00000028942	2.35024498919623	4.95182836152959	1.85347793590307	2.67164138596391	0.0075481266896156	0.0243774028783011	up
ENSSSCG00000029035	202.620606128188	1.45182435527744	0.187209897337736	7.75506197013866	8.83003467297863e-15	2.32094561002891e-13	up
ENSSSCG00000029037	103.717873625493	3.74485281094291	0.316031408546194	11.8496222516932	2.16163011224762e-32	1.89854391078139e-30	up
ENSSSCG00000029061	3.1066883081097	4.34167174207452	1.67347644161995	2.59440266626742	0.00947554390209926	0.0294594721273123	up
ENSSSCG00000029113	468.232547046176	1.01442226664505	0.138081815126335	7.34653050234688	2.03417819985868e-13	4.56391009201937e-12	up
ENSSSCG00000029160	1406.78110882448	1.02702935762508	0.133401927281991	7.69875951982388	1.37393459128808e-14	3.54027797010976e-13	up
ENSSSCG00000029170	57.2983702322163	2.1473908034652	0.34621362046009	6.20250237587848	5.5572345604724e-10	7.71903631716919e-09	up
ENSSSCG00000029201	783.965288401378	1.34906492503066	0.125566142827976	10.7438589308175	6.33402766305245e-27	4.20439329302339e-25	up
ENSSSCG00000029249	731.20830988415	1.69499686096163	0.381401298496399	4.44412975950483	8.82483340141513e-06	6.17352599873645e-05	up
ENSSSCG00000029311	8.78399556024435	2.86275673110219	0.879432876875986	3.25523050863368	0.00113300366684508	0.00476211987663745	up
ENSSSCG00000029347	193.139043524138	2.60277199314177	0.222018370007165	11.7232280962056	9.69075722281663e-32	8.11544575799132e-30	up
ENSSSCG00000029380	1101.03362134239	1.40191979898552	0.110850545741015	12.6469363737811	1.16322911732147e-36	1.26932971256807e-34	up
ENSSSCG00000029403	38.704599554405	2.77973574966952	0.533805898363729	5.20739047318552	1.91514810652087e-07	1.81009142561199e-06	up
ENSSSCG00000029456	1468.24971545933	1.07809749929842	0.142309880038898	7.57570380217971	3.57185902298121e-14	8.8097700970927e-13	up
ENSSSCG00000029507	214.335079092163	3.73051751572275	0.222750523729322	16.7475140047523	5.90425285395499e-63	1.63547804054553e-60	up
ENSSSCG00000029539	266.510386978554	1.01959642639983	0.179279455301728	5.68719056337962	1.29146319843796e-08	1.47163110716794e-07	up
ENSSSCG00000029593	365.272235289586	1.33314986936285	0.16960510756323	7.86031675883253	3.8316326610384e-15	1.04726445634909e-13	up
ENSSSCG00000029602	300.159473184638	1.21041245630656	0.171193801928449	7.07042219210983	1.54463024583672e-12	3.06036507029327e-11	up
ENSSSCG00000029621	541.256743164306	1.09927548133427	0.125397121833295	8.76635336810734	1.8454618785898e-18	6.81590587159167e-17	up
ENSSSCG00000029627	704.023217485533	1.31600363497081	0.151215407252711	8.70284092659621	3.23677468367315e-18	1.17437034114932e-16	up
ENSSSCG00000029760	400.645647042068	1.06402039490457	0.142362661814861	7.47401306873777	7.77854108155812e-14	1.836755831783e-12	up
ENSSSCG00000029805	269.145474877521	1.50376083726279	0.178491749170806	8.42481988242369	3.61305614299206e-17	1.19090299047271e-15	up
ENSSSCG00000029866	42.9459787993549	1.18153972823329	0.360779458143397	3.27496397470522	0.00105675448766455	0.00448482370074256	up
ENSSSCG00000029991	255.035464094287	1.81132235135946	0.16794865294076	10.784976953631	4.05344920320452e-27	2.72831225808215e-25	up
ENSSSCG00000030015	125.581003340299	1.27953556766881	0.254675452447461	5.02418099338715	5.05585406587814e-07	4.48426859389832e-06	up
ENSSSCG00000030165	141.345239538855	4.44125226710728	0.289763036895868	15.327187051478	5.03315283198581e-53	1.02109201960456e-50	up
ENSSSCG00000030182	13.5408707220977	1.58120578712284	0.641488037744714	2.46490299753976	0.0137050348581784	0.040147919889608	up
ENSSSCG00000030183	457.701211971879	1.0780448436932	0.138313292857255	7.79422441200785	6.48052850173935e-15	1.72542574009341e-13	up
ENSSSCG00000030204	202.493520424806	1.89693872993598	0.194836810265435	9.73603872569919	2.11644224209229e-22	1.0404516742354e-20	up
ENSSSCG00000030268	1306.06081419106	1.10530695162539	0.120030766365602	9.20853032179044	3.30620507444896e-20	1.39247303778838e-18	up
ENSSSCG00000030424	987.245349492661	1.56084430907952	0.12861927956364	12.1353837027771	6.85877441529328e-34	6.54263487933009e-32	up
ENSSSCG00000030428	361.5565717303	1.54299211937099	0.146094129567689	10.5616298473928	4.48800709902647e-26	2.82293686700337e-24	up
ENSSSCG00000030480	1339.86909392479	1.09008527011657	0.103788605774295	10.5029377934523	8.37328681743594e-26	5.0889798868501e-24	up
ENSSSCG00000030497	61.2585922606511	1.39212937617983	0.328455288800621	4.23841363999127	2.25104741073098e-05	0.000144235262029222	up
ENSSSCG00000030507	710.389371841462	1.02053745673125	0.122937874074546	8.30124536001348	1.03025672415447e-16	3.30508192755479e-15	up
ENSSSCG00000030547	1151.07599014663	1.63358759083744	0.105507905366336	15.4830823829308	4.51320192505338e-54	9.56002360712778e-52	up
ENSSSCG00000030605	270.359813242927	1.19490035671503	0.167804014295965	7.12080912800758	1.07295295223071e-12	2.16151249285751e-11	up
ENSSSCG00000030660	205.891737039347	1.64541660427037	0.190521561793094	8.63637999176855	5.80222912687469e-18	2.06358786033341e-16	up
ENSSSCG00000031105	52.4127966864075	1.05300058361529	0.341245537371918	3.08575634929884	0.00203035122022647	0.00792145981394643	up
ENSSSCG00000031109	91.1016206335575	1.79175014669341	0.267001842935579	6.71062838740673	1.93788054317213e-11	3.3469102330757e-10	up
ENSSSCG00000031118	243.155453545569	1.57116535536449	0.240132173149597	6.5429189881428	6.03295151619901e-11	9.65540373770339e-10	up
ENSSSCG00000031166	28.8924483757779	1.68878347517365	0.494005536306554	3.41855171867077	0.000629553521902582	0.00285879222241009	up
ENSSSCG00000031175	350.277614865766	1.24685341548318	0.151184903307376	8.24720847258266	1.6213742285434e-16	5.04411973821579e-15	up
ENSSSCG00000031207	2.15213902025964	4.82730812938834	2.0390002368082	2.36748777280423	0.0179093118008342	0.0501240253076945	up
ENSSSCG00000031262	1367.36760578619	4.17347705225188	0.334451153289237	12.4785847236789	9.77079352598345e-36	1.01984427498743e-33	up
ENSSSCG00000031342	210.352073673554	1.91285063674033	0.203294122544156	9.40927663230821	4.99563030712155e-21	2.23469127154593e-19	up
ENSSSCG00000031356	201.821446907786	1.71128149410865	0.194145150351264	8.81444368305081	1.20280819325538e-18	4.57130586164919e-17	up
ENSSSCG00000031388	68.6489890651614	1.23623349418134	0.301008374130435	4.10697376029029	4.00876749502526e-05	0.000243125418940395	up
ENSSSCG00000031426	477.922499583773	1.03350466357611	0.133076577737659	7.76624016897638	8.08501828301501e-15	2.13290482323348e-13	up
ENSSSCG00000031456	367.831579398494	1.86516567774993	0.178056560380631	10.475130339274	1.12382685874171e-25	6.77305526080151e-24	up
ENSSSCG00000031461	949.426226525617	1.24940662899649	0.109487430028496	11.4114161659591	3.66709777199527e-30	2.91828045899557e-28	up
ENSSSCG00000031612	250.497437646643	1.5819687469544	0.178252272466199	8.87488683912502	7.00045543649123e-19	2.69611123281336e-17	up
ENSSSCG00000031616	55.3753097411393	2.99127025939184	0.380058603386598	7.87055004869632	3.53085377246706e-15	9.70580491194954e-14	up
ENSSSCG00000031620	7.66607613600469	2.07590943402077	0.880161068963449	2.35855629977538	0.0183461766703639	0.0511731852749655	up
ENSSSCG00000031744	74.3082619422934	1.8567725455752	0.303665377634228	6.11453488718666	9.68389839560768e-10	1.31096684671366e-08	up
ENSSSCG00000031751	57.3323922315981	1.03068486376621	0.320655754694919	3.21430334143492	0.00130761452497601	0.00540921298614429	up
ENSSSCG00000031847	332.377363143126	1.27229380331462	0.16222057953509	7.84298642601885	4.39955564897369e-15	1.19568301071353e-13	up
ENSSSCG00000031856	693.914713780339	3.54711638978585	0.492982480391475	7.19521794561361	6.23610723721789e-13	1.30749474010024e-11	up
ENSSSCG00000031870	19.4928657606563	1.01890719205894	0.518629601113473	1.96461441821176	0.0494588819196959	0.115687842671533	up
ENSSSCG00000031875	544.113223773487	1.24534986955679	0.142019366825206	8.76887355151731	1.80462566850751e-18	6.68221802806739e-17	up
ENSSSCG00000031893	210.852979182401	1.02357728989645	0.202304731116432	5.05958157403326	4.201774945386e-07	3.78028521632355e-06	up
ENSSSCG00000031912	1431.06055514115	2.75368240117212	0.171014976628788	16.1019955997736	2.47007684128884e-58	5.83262079047942e-56	up
ENSSSCG00000032024	948.700865782954	1.03013350987217	0.146415765189936	7.0356734367767	1.98300883143477e-12	3.86512303220384e-11	up
ENSSSCG00000032036	3.10093582131996	3.34249694193729	1.67451002216981	1.99610447097003	0.045922552486576	0.109197275131516	up
ENSSSCG00000032080	245.82949115145	1.28801338282957	0.170551509751181	7.55204914168546	4.28462748673803e-14	1.04780601560229e-12	up
ENSSSCG00000032097	584.80936402522	2.14364992757615	0.152748173114753	14.0338825916152	9.67087123157451e-45	1.43607452803711e-42	up
ENSSSCG00000032115	422.139730366565	3.49415756771722	0.190454605221724	18.3464062927193	3.52681699133059e-75	1.27000679857815e-72	up
ENSSSCG00000032119	446.427081815156	1.08162226319924	0.134917188443295	8.01693450389266	1.08416893860985e-15	3.15482209934067e-14	up
ENSSSCG00000032144	102.123996393121	1.13143928120909	0.239239905125372	4.72930835103018	2.25286003033387e-06	1.77517482915367e-05	up
ENSSSCG00000032164	847.388928432892	1.01562350743402	0.123002053354677	8.25696384519261	1.49424662137668e-16	4.6687913957288e-15	up
ENSSSCG00000032261	484.991740808677	1.15351251740722	0.133900955474868	8.61466980064768	7.01434561785116e-18	2.47633907547863e-16	up
ENSSSCG00000032288	1822.83945355626	1.08951720877372	0.11190027432861	9.73650167804068	2.10682582602989e-22	1.03927120541557e-20	up
ENSSSCG00000032352	2.38160934119835	3.93877503463799	1.77940628690686	2.21353327995978	0.0268609014401767	0.07014220890941	up
ENSSSCG00000032404	406.069916216087	1.12118933209205	0.158383667126368	7.0789454015956	1.45255595248235e-12	2.88587806062839e-11	up
ENSSSCG00000032446	372.275779224881	1.30473019477005	0.173104373043834	7.53724571960795	4.80001365214297e-14	1.16987134763904e-12	up
ENSSSCG00000032506	331.450449271493	1.33307449401909	0.163268399235076	8.16492658876203	3.21630754423154e-16	9.73270879561158e-15	up
ENSSSCG00000032613	22.6702504735362	1.64892679372239	0.532955625382274	3.09392886610336	0.00197524839674224	0.00775244629609679	up
ENSSSCG00000032645	278.690433842854	1.15345490048131	0.191295500556839	6.02970219960079	1.64262082212175e-09	2.15485522056846e-08	up
ENSSSCG00000032705	237.754047265043	1.49624280024216	0.173946947650894	8.60171920489845	7.85307374060819e-18	2.76566440488314e-16	up
ENSSSCG00000032741	154.117941851209	1.64575808253623	0.211289764850696	7.78910461516762	6.74857140859525e-15	1.79017352798169e-13	up
ENSSSCG00000032749	41.1464620134972	1.01747931442496	0.394948315069972	2.57623409342737	0.00998829978586334	0.030762103538728	up
ENSSSCG00000032752	273.173307943265	1.49926461855969	0.158014129071893	9.48816809842085	2.35129892600793e-21	1.07517808667359e-19	up
ENSSSCG00000032778	378.187781774662	1.01711144629997	0.193306448467205	5.26165295759662	1.42766048301854e-07	1.38478259915145e-06	up
ENSSSCG00000032795	366.866360612698	3.77076402033509	0.189474479364537	19.9011710335954	3.97531842494145e-88	1.90868288642856e-85	up
ENSSSCG00000032911	83.9375180325971	2.29639267922728	0.28203847117393	8.14212568118453	3.88397767128967e-16	1.16068079620864e-14	up
ENSSSCG00000032936	169.412011904531	2.01040261631926	0.231363000314483	8.68938686646784	3.64400770051111e-18	1.31220717295405e-16	up
ENSSSCG00000032999	64.5987728446346	1.14136219328245	0.302310628688687	3.77546167739211	0.000159711578535482	0.000844524808085568	up
ENSSSCG00000033018	2560.72189269986	1.08002515469949	0.123446006767641	8.74896793326324	2.1531283100611e-18	7.91164800462249e-17	up
ENSSSCG00000033025	320.193567462517	1.31284377102968	0.186298626450923	7.04698577783408	1.82834998197252e-12	3.57820015493644e-11	up
ENSSSCG00000033030	202.403133925576	1.23746200805594	0.213998624235681	5.78256992294068	7.35679740319225e-09	8.71441692397872e-08	up
ENSSSCG00000033120	857.648584968776	1.93011544558314	0.169885478072445	11.3612738856941	6.51870755971675e-30	5.04814320914839e-28	up
ENSSSCG00000033324	198.704330231393	1.04421521097881	0.19706156276249	5.29892890496029	1.16483975911942e-07	1.14863708754199e-06	up
ENSSSCG00000033325	208.328317442844	1.54780925474474	0.224025422135872	6.90907862146996	4.87811566372908e-12	9.03141105660073e-11	up
ENSSSCG00000033340	831.225655059952	2.42397926369078	0.11955072979692	20.2757379048072	2.10609490294955e-91	1.26400795758689e-88	up
ENSSSCG00000033356	571.636696613007	1.28230366062553	0.1304501377427	9.82983753650565	8.37537781960969e-23	4.23294533732133e-21	up
ENSSSCG00000033390	56.6214751050869	1.98488982170411	0.334301951417751	5.93741619899714	2.89548959386918e-09	3.64250062096871e-08	up
ENSSSCG00000033420	14.2673993508011	1.62012804826977	0.628005680351067	2.57979839826304	0.00988580088543178	0.0304979815707345	up
ENSSSCG00000033445	2.00526016147628	4.75885065529597	2.06402649917541	2.30561509612263	0.0211321490077912	NA	up
ENSSSCG00000033524	166.971466376093	1.22215518428892	0.202249509527428	6.04280913780499	1.51453780851176e-09	2.00325092688736e-08	up
ENSSSCG00000033526	357.782634362044	1.13903350216476	0.141884717442103	8.02788011774098	9.9171314823152e-16	2.9080448797093e-14	up
ENSSSCG00000033568	183.249800108683	1.70153268883805	0.211980843770388	8.0268228891527	1.00029331080838e-15	2.92256082127462e-14	up
ENSSSCG00000033616	44.9327893918332	1.83514529259207	0.377251643830069	4.86451238213477	1.14739324668612e-06	9.57534897176528e-06	up
ENSSSCG00000033672	579.221810870203	1.21734361467842	0.143140472156426	8.50453820878897	1.82319842525304e-17	6.20835700173634e-16	up
ENSSSCG00000033741	563.567953405085	1.48032169631728	0.148632315042839	9.95962214469051	2.28931134631019e-23	1.19492872550409e-21	up
ENSSSCG00000033786	661.561419177485	2.08122473541877	0.121935627702836	17.068225051425	2.55861042244107e-65	7.52127031119209e-63	up
ENSSSCG00000033800	23.3536020281118	1.62414274175324	0.497294534910865	3.2659573506963	0.00109094678971029	0.00460821042785542	up
ENSSSCG00000033879	263.176125303643	1.47107056857887	0.195694415028442	7.51718217591985	5.59694044636238e-14	1.35265654680208e-12	up
ENSSSCG00000033983	171.387558885288	1.30104901648577	0.215731201127903	6.03088014011659	1.63069103585592e-09	2.14115530359787e-08	up
ENSSSCG00000034031	541.137762333198	1.47076589330567	0.136157676258222	10.8019315085576	3.37037839149226e-27	2.32281963402175e-25	up
ENSSSCG00000034191	221.181652864315	1.96601678616444	0.211334591638249	9.30286315611674	1.36713609444131e-20	5.96734191040384e-19	up
ENSSSCG00000034239	277.341795090336	1.62790309637808	0.176082612791496	9.24510984117279	2.34999216910037e-20	1.00442988735079e-18	up
ENSSSCG00000034291	3.75882641899018	3.01120652150868	1.47993977100743	2.03468180293505	0.0418829003490117	0.10116175135661	up
ENSSSCG00000034301	127.12338549505	1.96624138189376	0.261589349691442	7.51651924748864	5.62538027026629e-14	1.35725255298016e-12	up
ENSSSCG00000034358	313.47184466237	1.29495012333452	0.181286181963272	7.14312646066358	9.12316191940413e-13	1.8692748831735e-11	up
ENSSSCG00000034395	549.992167674764	1.75848620619823	0.129605170990198	13.5680250468651	6.19693348172882e-42	8.42081413875678e-40	up
ENSSSCG00000034450	142.860112002582	1.70091196862859	0.214388948369338	7.93376702281477	2.12596747552336e-15	5.96928567591394e-14	up
ENSSSCG00000034491	259.879473505479	1.56993488713603	0.169914600717124	9.23955257823707	2.47530105188287e-20	1.04865401033297e-18	up
ENSSSCG00000034494	167.136469569541	1.03894056969192	0.190799735709387	5.44518872538884	5.17504871349038e-08	5.38205066202999e-07	up
ENSSSCG00000034517	314.621176452703	1.198046471291	0.167900666781062	7.13544796610735	9.64724496652056e-13	1.96825660761703e-11	up
ENSSSCG00000034545	29.2646447868328	1.67100539211514	0.459239019328067	3.63863984066525	0.000274081788126033	0.0013665192371642	up
ENSSSCG00000034715	73.8491463617684	1.14341798216809	0.292651125200894	3.90710263417978	9.34094830464593e-05	0.000521500075116744	up
ENSSSCG00000034719	113.357734742541	1.32875881885334	0.225452289193671	5.89374729174693	3.77534404244922e-09	4.66381265758478e-08	up
ENSSSCG00000034739	3.10383679393307	3.38145837832159	1.5664554085482	2.15866877529284	0.0308758728905198	0.0783261840639392	up
ENSSSCG00000034763	44.0701593744635	1.68083661565975	0.389832549917265	4.31168873922015	1.62012396059014e-05	0.000107441369835821	up
ENSSSCG00000034879	705.801533943436	1.0361085835324	0.129957093197551	7.97269743450928	1.55247935303504e-15	4.41063364913546e-14	up
ENSSSCG00000034948	138.755699033384	1.81542635388335	0.229806659194315	7.89979872753947	2.7935415306614e-15	7.75301969318822e-14	up
ENSSSCG00000034958	282.406327152222	1.86270379067815	0.174867875509519	10.6520639382775	1.70541311250244e-26	1.11152807567806e-24	up
ENSSSCG00000035027	217.155810853833	1.48346915935488	0.221668072714867	6.69229962252198	2.19690461228934e-11	3.76643143063625e-10	up
ENSSSCG00000035037	148.819167233423	1.27769513472831	0.267123372460105	4.78316488355631	1.72556464947541e-06	1.39321935039483e-05	up
ENSSSCG00000035089	11.3193292187414	1.5273907032134	0.733843248700599	2.08135825452904	0.0374011266960563	0.0922002103251745	up
ENSSSCG00000035101	1799.27294071878	2.69964481689692	0.103264186299646	26.1430890382775	1.18101904519468e-150	2.12642479087302e-147	up
ENSSSCG00000035211	206.999986467955	1.673865746852	0.199542055152941	8.38853616882442	4.92232634051351e-17	1.61139065019901e-15	up
ENSSSCG00000035212	1558.16068280715	2.69725997636782	0.131379212773705	20.5303405266534	1.15363613405565e-93	7.22477168475544e-91	up
ENSSSCG00000035216	4.17866211643203	3.83422094076763	1.45034160048514	2.64366749149654	0.00820131781858513	0.0261295690906658	up
ENSSSCG00000035227	15.102407752191	1.2820533787576	0.607059041029303	2.11190887888567	0.0346942656834195	0.0865044491784618	up
ENSSSCG00000035249	16.9309353530985	2.04345722534581	0.589167252584497	3.4683822231833	0.000523601983329027	0.00243854054560259	up
ENSSSCG00000035357	608.261765338405	1.08942919463873	0.128274345726823	8.4929623960727	2.01435490249463e-17	6.79502763829803e-16	up
ENSSSCG00000035452	1009.98031221286	1.171446800774	0.121384335875253	9.6507246369737	4.88095918951425e-22	2.32030812428262e-20	up
ENSSSCG00000035495	74.3649119744944	1.232177367884	0.305775424343552	4.02968083693866	5.58526347622015e-05	0.00032743237733608	up
ENSSSCG00000035537	474.64617571556	2.2343265841692	0.15960440780501	13.9991533748798	1.57738613354769e-44	2.31843570077764e-42	up
ENSSSCG00000035598	228.218702784536	4.44502095324141	0.255755426895646	17.3799672882604	1.17020221519826e-67	3.74568726838128e-65	up
ENSSSCG00000035774	227.944794405659	3.09983288600404	0.245585544006239	12.6222123478298	1.59282708220685e-36	1.7250437061735e-34	up
ENSSSCG00000035828	18.6389180142832	1.25718495179371	0.571144404526083	2.20116828919453	0.0277241123099778	0.0719787515704616	up
ENSSSCG00000035867	154.254897281004	2.37254224315445	0.230846796174848	10.2775619262112	8.89492089033369e-25	5.10447970136918e-23	up
ENSSSCG00000036002	186.166474601542	2.3881337571927	0.193719236361055	12.3278090604368	6.41677738532286e-35	6.41855982348545e-33	up
ENSSSCG00000036005	243.948037489142	1.11448073887082	0.203917976132412	5.46533836794822	4.62024619231938e-08	4.84352446536888e-07	up
ENSSSCG00000036028	777.423647644427	1.12761248009297	0.118168378003578	9.54242157795234	1.39535356869475e-21	6.50442485549488e-20	up
ENSSSCG00000036047	218.544436019111	1.10833934078145	0.200053369759367	5.54021830331879	3.02094820121708e-08	3.24729387241275e-07	up
ENSSSCG00000036067	617.52837781789	1.09915466123617	0.137862849611304	7.97281257666706	1.55103308549429e-15	4.41063364913546e-14	up
ENSSSCG00000036083	814.537646765792	1.01156315990129	0.15235692175754	6.63943028142222	3.1489790317081e-11	5.27417371775854e-10	up
ENSSSCG00000036114	146.832230518803	1.71193689919114	0.217997371526365	7.85301624145544	4.06149046384489e-15	1.10589241287754e-13	up
ENSSSCG00000036129	261.741029216055	1.01789001962308	0.163159790520492	6.23860827705119	4.41480989855066e-10	6.20399236865597e-09	up
ENSSSCG00000036160	301.127481754359	1.22361386697751	0.185706099001714	6.58898051036123	4.42856909505935e-11	7.24876241423123e-10	up
ENSSSCG00000036213	171.289014692399	1.03250053542645	0.199133447268066	5.18496791770263	2.1605205361584e-07	2.01947682042995e-06	up
ENSSSCG00000036257	229.744261155213	1.14843014317903	0.201442864693925	5.70102170123509	1.19091472471532e-08	1.3646726885282e-07	up
ENSSSCG00000036314	48.2201533086931	1.56046233750657	0.373573905164358	4.17711814432014	2.95225702892535e-05	0.000183849157996718	up
ENSSSCG00000036326	515.37700001834	1.04188661872314	0.150701132846709	6.91359513390608	4.72522532791853e-12	8.7822123384953e-11	up
ENSSSCG00000036331	28.0693468544646	2.01565299219088	0.518379883942286	3.88837039134661	0.000100919537446585	0.000556525657496406	up
ENSSSCG00000036339	694.135423052401	1.77730394431938	0.1315134632366	13.5142357335835	1.28887234730388e-41	1.73503899911823e-39	up
ENSSSCG00000036340	36.4631752296136	1.01430660812288	0.394981086977666	2.56798778869184	0.0102290759399121	0.0313956125801181	up
ENSSSCG00000036472	50.7624870909373	1.05073870275423	0.373515053740679	2.81310938402962	0.0049064957646307	0.01693581715642	up
ENSSSCG00000036529	63.2911387749127	1.7074127406142	0.334562341956635	5.10342177373778	3.3356643192762e-07	3.04094359840851e-06	up
ENSSSCG00000036564	359.893916105963	1.05709427424581	0.144295504117441	7.32589889554319	2.37302653949345e-13	5.29118796824516e-12	up
ENSSSCG00000036608	103.247295564936	1.3187482493825	0.278346004778964	4.73780196855968	2.16048780634416e-06	1.71269490162803e-05	up
ENSSSCG00000036634	868.678349437676	1.0224004872001	0.128030212011181	7.98561894993048	1.39818964992738e-15	4.0359766969046e-14	up
ENSSSCG00000036643	345.221798671435	1.15354005333981	0.146563931460713	7.87055888746417	3.5306043074461e-15	9.70580491194954e-14	up
ENSSSCG00000036665	133.380193529474	1.131793261669	0.211042742311293	5.36286275127896	8.19132462047088e-08	8.29148558209857e-07	up
ENSSSCG00000036700	271.947004347843	2.33519396168841	0.177705027155277	13.1408435600864	1.92073489169166e-39	2.28646821321708e-37	up
ENSSSCG00000036735	121.301655174489	1.40835516803282	0.257248215499571	5.47469363508633	4.38269174670165e-08	4.61464122218498e-07	up
ENSSSCG00000036755	112.634410800835	1.27782758034234	0.289273141918789	4.41737373842014	9.9907395574547e-06	6.93860234260258e-05	up
ENSSSCG00000036785	97.5746350226847	1.0096174368166	0.257920515470333	3.9144518417835	9.06098193816839e-05	0.0005070488882571	up
ENSSSCG00000036893	39.4408346672297	2.72856501502471	0.411634635302271	6.6286089192205	3.38865039156976e-11	5.62977165399894e-10	up
ENSSSCG00000037002	616.910893650118	3.22439595929232	0.142139936496795	22.6846587859917	6.34974293677137e-114	6.53297837580391e-111	up
ENSSSCG00000037066	777.036609208522	2.77274427458063	0.126573327500883	21.906228818716	2.26585883252301e-106	2.03983941397884e-103	up
ENSSSCG00000037153	208.694509224144	1.31940905869264	0.191658119234809	6.88418035176566	5.81212025364119e-12	1.0691925942969e-10	up
ENSSSCG00000037215	52.9542018461235	1.48773775989264	0.354114980093731	4.20128445144808	2.654048675214e-05	0.000167011433454707	up
ENSSSCG00000037241	4.32209169057729	4.84148534534538	1.54135858521612	3.14105062363962	0.00168342931257037	0.00672624571935191	up
ENSSSCG00000037336	105.813580304783	1.59997515620986	0.241346195186868	6.62937799773909	3.37104321845305e-11	5.60698689591198e-10	up
ENSSSCG00000037399	54.3624653269602	1.0515139253661	0.340428017485105	3.08879960331733	0.00200966946522418	0.00786610841768724	up
ENSSSCG00000037445	86.5322728280101	1.06915911158187	0.27440053301582	3.89634487889362	9.76553044134543e-05	0.000542052795672985	up
ENSSSCG00000037449	872.297547750765	1.85412816440824	0.123361031470566	15.0300961519654	4.66328394046941e-51	8.83815024717387e-49	up
ENSSSCG00000037565	305.54132966705	1.16997481564484	0.167956573904549	6.96593642300502	3.26226452719305e-12	6.12642219683034e-11	up
ENSSSCG00000037617	113.35536440034	1.26288139503851	0.244611705309492	5.16280033876819	2.43282592234895e-07	2.25934394490743e-06	up
ENSSSCG00000037710	127.27894585606	1.09288577373582	0.227919751503984	4.79504635523751	1.62637218034399e-06	1.32127833534545e-05	up
ENSSSCG00000037732	950.253720558519	1.10523671365757	0.126732588705431	8.721014262768	2.75720699724561e-18	1.00543821742597e-16	up
ENSSSCG00000037900	514.28914969384	1.23571671123346	0.13636281541194	9.06197710497888	1.28107091609993e-19	5.21258346765633e-18	up
ENSSSCG00000037910	1002.36713671576	1.63475414192816	0.121614397039604	13.442110323466	3.42527025388102e-41	4.48523570335475e-39	up
ENSSSCG00000037951	77.7311730652046	1.44084891465146	0.278193456622397	5.17930555285196	2.22713421133647e-07	2.07769696762244e-06	up
ENSSSCG00000038001	402.437171971174	2.15164228089672	0.180784927311114	11.9016685345341	1.16004275521938e-32	1.04432849038625e-30	up
ENSSSCG00000038003	13.988093917945	1.4983121399291	0.608433526649668	2.46257327103511	0.0137943984328019	0.040360453996766	up
ENSSSCG00000038006	158.341781541737	1.24926300620409	0.233574611524618	5.34845374696225	8.8708839399781e-08	8.94791402461096e-07	up
ENSSSCG00000038009	9.29026845121842	1.73717311149534	0.851751770926805	2.03952979117976	0.0413971810802582	0.100182291041673	up
ENSSSCG00000038082	437.020599298457	1.366775180952	0.157703382825196	8.66674611835679	4.44644937591379e-18	1.58924706726209e-16	up
ENSSSCG00000038099	6.92995866332178	3.53064352855236	1.09922672973994	3.21193383769668	0.00131844735253143	0.00544620466471544	up
ENSSSCG00000038125	162.325368178197	1.8743183069571	0.232665497778261	8.05584981381038	7.89284976596494e-16	2.32492040959016e-14	up
ENSSSCG00000038158	166.425989347151	1.11361589676986	0.213761768796045	5.20961209781334	1.89235847684533e-07	1.79325865134737e-06	up
ENSSSCG00000038181	1150.12445449861	1.54418088907906	0.109936211813127	14.0461533430305	8.13333865468244e-45	1.22033968731298e-42	up
ENSSSCG00000038185	2096.05501638709	2.33179875811455	0.121023875976484	19.2672622596193	1.01147081135586e-82	4.2850663431676e-80	up
ENSSSCG00000038191	137.540611180761	1.26249528071518	0.223780645373179	5.64166431198651	1.68414210562254e-08	1.88487823538362e-07	up
ENSSSCG00000038280	117.76005381336	1.02225871566896	0.2353859715591	4.34290416246105	1.40611483643302e-05	9.46876021691505e-05	up
ENSSSCG00000038289	12.0141626167966	1.39929010041258	0.706964633838945	1.97929292843714	0.0477830353220278	0.112756690822164	up
ENSSSCG00000038290	109.47087521246	1.77108315061082	0.263551219953418	6.72007191210824	1.8163489821517e-11	3.14077920034971e-10	up
ENSSSCG00000038366	48.2608097701016	1.92100886530366	0.385059875719336	4.98885754251853	6.07374141017562e-07	5.32845549328169e-06	up
ENSSSCG00000038429	83.051511597746	2.68519618082969	0.298967657312474	8.9815607646923	2.66952617015275e-19	1.06514833670028e-17	up
ENSSSCG00000038471	322.455814903029	3.16888040525182	0.179022234215765	17.7010437789116	4.11607333837661e-70	1.41161715157087e-67	up
ENSSSCG00000038478	324.599728198255	1.00311625019081	0.165838332642753	6.04875986272552	1.45965035031264e-09	1.93420456724041e-08	up
ENSSSCG00000038500	1398.57836789414	2.06500336318204	0.140347803443598	14.7134711945236	5.28266318126639e-49	9.27944883694648e-47	up
ENSSSCG00000038520	328.116114223017	2.09236579417557	0.166244661969997	12.5860630313242	2.5192833395358e-36	2.70804158378162e-34	up
ENSSSCG00000038521	35.2113940142922	2.84712651127336	0.482037532906632	5.90644154637816	3.49576252229454e-09	4.34826972116844e-08	up
ENSSSCG00000038534	1379.1083945094	1.61440042589912	0.109906214363176	14.6888912083211	7.5946347182974e-49	1.31798937930549e-46	up
ENSSSCG00000038594	2157.94362208227	2.07990424064973	0.128643297481502	16.167995390112	8.48133944235241e-59	2.07059683606176e-56	up
ENSSSCG00000038632	502.002472826273	1.11738244391537	0.127381621995776	8.77192821388643	1.75632366282224e-18	6.53485685794684e-17	up
ENSSSCG00000038646	1799.67347953754	1.1182241062217	0.103562434153599	10.7975842337116	3.53378822350958e-27	2.42384217006819e-25	up
ENSSSCG00000038738	92.6726202672026	1.15644287407139	0.275358040417189	4.19977884909149	2.67175807689583e-05	0.000167979063027532	up
ENSSSCG00000038762	412.843696911212	1.0278874981559	0.144103574290875	7.13297711881245	9.82208900618715e-13	2.00109434292956e-11	up
ENSSSCG00000038829	20.5078471602542	1.39726248988981	0.601918260367813	2.32134922943854	0.0202680032903589	0.0555865040735585	up
ENSSSCG00000038872	175.916879278324	1.42283550523677	0.18880524676691	7.53599558063837	4.84622996795261e-14	1.1791401428782e-12	up
ENSSSCG00000038879	113.003109536439	1.55934596740151	0.278385293178159	5.60139492140331	2.12633671181659e-08	2.33799648832108e-07	up
ENSSSCG00000038913	1196.40608795794	1.24722798160818	0.112258817022591	11.1102897276852	1.11796193378673e-28	8.38704359076256e-27	up
ENSSSCG00000038916	70.2031487223511	1.40832114614107	0.297270692860023	4.73750416696545	2.16366409423162e-06	1.71426939567174e-05	up
ENSSSCG00000038941	38.4707027360366	1.11822640946892	0.384271783110596	2.90998834319066	0.00361442236554785	0.0130743696015447	up
ENSSSCG00000038948	289.320915361655	3.16478870924152	0.185955551048448	17.0190601538804	5.93150735150638e-65	1.70874863782196e-62	up
ENSSSCG00000038955	233.764788786028	1.18881332636929	0.179853030777768	6.60991544723105	3.84539592647975e-11	6.33018090571592e-10	up
ENSSSCG00000038964	16.8227269841875	1.45146678417659	0.581381222317913	2.49658352980464	0.0125396131964088	0.0373646231859893	up
ENSSSCG00000038970	35.5333384833722	1.03577756923489	0.405735201620932	2.5528412745478	0.0106848176216492	0.0326275414505481	up
ENSSSCG00000039064	354.562572163643	1.44639254328648	0.149357537158088	9.6840947621916	3.52315700699672e-22	1.70293803787855e-20	up
ENSSSCG00000039080	555.366281569268	1.04601723294655	0.127232462571546	8.2213077685135	2.01295954095349e-16	6.19544214271241e-15	up
ENSSSCG00000039258	125.483572278741	1.00785852312036	0.266654031903651	3.77964854281492	0.000157049879487559	0.000832283467306404	up
ENSSSCG00000039314	3139.36530338121	1.63825735469537	0.12059423491418	13.584872907575	4.92385913588795e-42	6.81954490320481e-40	up
ENSSSCG00000039348	3707.86200076122	1.08938921018453	0.0898285700945024	12.1274245937396	7.55894314771574e-34	7.16309323024326e-32	up
ENSSSCG00000039351	162.584798668688	2.05506950529068	0.213730118858422	9.61525458492817	6.89385993660373e-22	3.24507054009282e-20	up
ENSSSCG00000039425	1325.88775755292	1.3903750063654	0.124854169690111	11.1359917719714	8.38068962973934e-29	6.35344491719818e-27	up
ENSSSCG00000039472	2636.28035623865	1.08611769078455	0.154896048352683	7.01191348866158	2.35080555313235e-12	4.52082819590365e-11	up
ENSSSCG00000039679	128.099954227881	1.29321838342708	0.240958271905176	5.36698065271647	8.00656414477292e-08	8.12731148282658e-07	up
ENSSSCG00000039695	23.7924907832807	1.82983081516649	0.488733133364672	3.74402857152137	0.000181093046814033	0.000945095741416426	up
ENSSSCG00000039778	714.691275864392	1.29989415282946	0.148136835878144	8.77495556809884	1.70971357164817e-18	6.39654916520007e-17	up
ENSSSCG00000039792	71.1808942760087	1.28933098699438	0.313250507870485	4.11597413124533	3.85547549751203e-05	0.000235115449052343	up
ENSSSCG00000039842	215.150137986865	1.62363657402488	0.18429779516746	8.80985349037728	1.25309527693697e-18	4.7498906234211e-17	up
ENSSSCG00000039862	118.857541723766	1.5493674527047	0.237124790730501	6.5339749923727	6.40466440407774e-11	1.02162553794392e-09	up
ENSSSCG00000039890	19.3543466769542	1.1231357879624	0.515045637480741	2.18065294845721	0.0292090956461341	0.0749025838858672	up
ENSSSCG00000039909	520.954410628397	1.10949877929414	0.166733642561022	6.65431860212661	2.846155392381e-11	4.79485640606502e-10	up
ENSSSCG00000039947	1134.33291928789	2.46221082831022	0.114798384368901	21.4481313639222	4.75367967421069e-102	3.42360010136654e-99	up
ENSSSCG00000039952	169.606661289512	1.00874795037299	0.195188355847093	5.16807442736609	2.36518127215509e-07	2.20077978321201e-06	up
ENSSSCG00000039969	127.550061657419	1.00136119414175	0.218624393778027	4.58028117008044	4.64351243412181e-06	3.42824977453053e-05	up
ENSSSCG00000040086	375.635607107684	1.5168631228904	0.191733237837439	7.91132064528358	2.5467264676918e-15	7.10911783733192e-14	up
ENSSSCG00000040087	273.799847200302	1.64520841255379	0.167530845053896	9.82033136658812	9.20404970363444e-23	4.61934257599827e-21	up
ENSSSCG00000040107	188.137437502639	1.33759813700462	0.187767636424076	7.12368841872004	1.05076438583946e-12	2.12275038059348e-11	up
ENSSSCG00000040144	243.821451066457	1.29413689612135	0.196546115456768	6.58439314923021	4.56747059920886e-11	7.46763297514239e-10	up
ENSSSCG00000040166	4611.31094534177	1.41689197640988	0.107162864716196	13.2218560987735	6.56243108213773e-40	8.21958759192277e-38	up
ENSSSCG00000040178	451.978978796976	1.26122694570247	0.136419284431543	9.24522475658764	2.34746830167612e-20	1.00442988735079e-18	up
ENSSSCG00000040181	395.921538174947	1.41953303056639	0.153451125587018	9.25071761537134	2.22990462895742e-20	9.5879242613441e-19	up
ENSSSCG00000040183	2189.74718784883	1.42891540114905	0.0973573696993239	14.6770132098071	9.04894117238277e-49	1.55167796008335e-46	up
ENSSSCG00000040236	84.4295811078109	1.25081232888533	0.268416383674618	4.65997012463144	3.16255282552642e-06	2.40641367664461e-05	up
ENSSSCG00000040252	117.36862440269	1.12185048373454	0.243914131313249	4.59936649711284	4.23777666148481e-06	3.14643995010449e-05	up
ENSSSCG00000040422	149.653247754613	1.87606856194547	0.212767042805378	8.81747726155852	1.17067359866762e-18	4.46094775534615e-17	up
ENSSSCG00000040445	2459.66219246711	4.26368176266864	0.113287973445665	37.635784567314	0	0	up
ENSSSCG00000040559	203.55622786114	1.09247176711419	0.209350982657678	5.21837420223891	1.80500508327237e-07	1.71952997483169e-06	up
ENSSSCG00000040566	8.72327439758521	2.66425840067049	0.894721582280525	2.97775135129707	0.0029037144635925	0.0108103135522322	up
ENSSSCG00000040581	33.7752851579192	1.11752443439391	0.394402792568347	2.83345974078074	0.00460471078024828	0.0160557380969974	up
ENSSSCG00000040636	366.770547473145	3.62491932273409	0.180291674885587	20.1058608226611	6.55728944058017e-90	3.49819248526358e-87	up
ENSSSCG00000040639	482.447304487102	1.04437898458401	0.159188306506757	6.5606513914367	5.35732328503044e-11	8.70958065435423e-10	up
ENSSSCG00000040657	738.288671332333	1.72191988547087	0.11732991713011	14.6758808630317	9.20128395391404e-49	1.55923875379033e-46	up
ENSSSCG00000040663	1128.36628293148	2.4765995379455	0.129474089444552	19.128147945046	1.47212016023465e-81	6.05840536800568e-79	up
ENSSSCG00000040688	252.400186854323	1.91010514515132	0.180868378667376	10.5607467663769	4.53043206878788e-26	2.83723232690525e-24	up
ENSSSCG00000040713	112.205605428614	1.19329135460495	0.232331175266848	5.13616544673513	2.80400828167965e-07	2.58241274228348e-06	up
ENSSSCG00000040815	979.953623811488	4.07601595983101	0.131786836093175	30.9288551168284	4.89055859497124e-210	1.76109015004914e-206	up
ENSSSCG00000040828	329.242896094879	1.12777157507548	0.146576792871931	7.69406638649036	1.42531041300544e-14	3.66610199802329e-13	up
ENSSSCG00000040833	59.7959255259803	1.27668545625074	0.31044959829895	4.11237593234488	3.9160793232876e-05	0.000238206108837139	up
ENSSSCG00000040847	316.334233989963	1.4219631063646	0.191856846907298	7.41158384121501	1.24799859383788e-13	2.87159293061354e-12	up
ENSSSCG00000040893	6.57244957022943	3.49412661693476	1.20064622767226	2.91020496829359	0.00361191797449507	0.0130685924402479	up
ENSSSCG00000040904	15022.5488497388	1.2131975180937	0.105674218616282	11.4805440151773	1.65237546255652e-30	1.32226756459245e-28	up
ENSSSCG00000041164	28.3256643305444	1.20542583837878	0.508091750972379	2.37245701405671	0.0176702191190581	0.0495950577145194	up
ENSSSCG00000041398	12.3838389335701	2.11213731039011	0.809548896533024	2.60902994178061	0.00907992971439269	0.0283765041453921	up
ENSSSCG00000041624	13.8001022995463	2.05300816095974	0.664401500804029	3.09001132368799	0.00200148864404807	0.00783621702334015	up
ENSSSCG00000041637	1.77003735374783	4.53941052015634	2.1667719380182	2.09501075794263	0.0361700361680788	NA	up
ENSSSCG00000041731	3980.52260414759	1.16423778545494	0.139486248174421	8.34661338083392	7.02482023307525e-17	2.27383169971272e-15	up
ENSSSCG00000041742	27.1464655749944	1.49628244292284	0.449370642331225	3.32972896306821	0.000869305587810067	0.00378864680387782	up
ENSSSCG00000041808	201.140136053696	1.40243186273773	0.199633429413233	7.02503517001028	2.14012333512317e-12	4.14890128117284e-11	up
ENSSSCG00000041817	4.7784174403342	3.39164170036748	1.25984478612403	2.69211075659726	0.00710013617795751	0.0231905581649206	up
ENSSSCG00000041911	5.70740094167989	2.32183904320284	1.07665473476092	2.15653075051811	0.0310422452913823	0.078623615469856	up
ENSSSCG00000041999	40.1952339825787	3.19689003596512	1.5264365500167	2.09434845878798	0.0362289505200391	0.0897252068931643	up
ENSSSCG00000042042	31.9986662542668	1.22068960817871	0.413883520587153	2.94935542842342	0.00318437520164869	0.0117549309083925	up
ENSSSCG00000042043	9.16848836222324	2.53504688611911	0.835399514450041	3.03453239111347	0.00240908884583028	0.00919462526108621	up
ENSSSCG00000042095	44.1839048772718	1.23808425241087	0.375585310479543	3.29641287309693	0.000979279839166897	0.00419932920612087	up
ENSSSCG00000042119	352.767532211901	1.05511656643793	0.198583896337771	5.31320306377356	1.07714891206183e-07	1.07075589574455e-06	up
ENSSSCG00000042142	6.55341135044724	1.91868198736511	0.918837018912108	2.08816356750276	0.036783082492196	0.0908732802175906	up
ENSSSCG00000042151	21.0172893176615	1.13954556325578	0.555402207645041	2.05174835024074	0.0401941252033986	0.0979289884015145	up
ENSSSCG00000042167	262.333445872501	2.02124299318651	0.447223578214044	4.51953584660764	6.19753539982911e-06	4.4724098145861e-05	up
ENSSSCG00000042217	10.3234263519298	3.58791853910431	0.915863016517211	3.91752748434829	8.94618485387719e-05	0.000501395372947159	up
ENSSSCG00000042281	34.0627776255716	1.67914346968715	0.427305616530992	3.92960776719716	8.50845375786933e-05	0.000479670324572798	up
ENSSSCG00000042349	3.78470389546342	3.66446402036604	1.46433978438696	2.50246838844179	0.0123330638792442	0.0368329778388209	up
ENSSSCG00000042396	18.829435090781	1.35571658296762	0.533580879854538	2.54078928640997	0.0110602553909388	0.0336740474849043	up
ENSSSCG00000042468	95.8327282408784	2.08646698213835	0.282792564757401	7.3780828853413	1.60584991661273e-13	3.63689657215249e-12	up
ENSSSCG00000042572	149.362478817922	1.95728271395835	0.237105561347891	8.25490006574137	1.52029393956209e-16	4.73989478472995e-15	up
ENSSSCG00000042575	8.59925340346698	2.29246767523333	0.865082239673195	2.6499996995654	0.00804918424321985	0.0257188220584159	up
ENSSSCG00000042593	92.5501619507911	1.48010785631604	0.279698021809733	5.2918066661297	1.21113890796572e-07	1.18836817645356e-06	up
ENSSSCG00000042665	21.9639252498634	3.19907068902559	0.577980896005077	5.53490731464849	3.11392977401357e-08	3.33728009411395e-07	up
ENSSSCG00000042682	121.47387561309	1.01279546039121	0.219060046651861	4.62336914408125	3.77556952857236e-06	2.83098924984676e-05	up
ENSSSCG00000042874	190.320545732103	1.08734289701847	0.183639433095133	5.9210752216556	3.19843512624708e-09	4.00262897988384e-08	up
ENSSSCG00000042884	12.9904068711567	2.06942736874636	0.704850188773207	2.93598186069611	0.0033249376453247	0.012192566660707	up
ENSSSCG00000042962	12.4556820245951	1.30594229455873	0.662169602435774	1.97221722313264	0.0485848143566124	0.114242578145527	up
ENSSSCG00000043116	133.672485274647	1.15296996139369	0.214798366674821	5.36768495609258	7.97537053790404e-08	8.10135664513186e-07	up
ENSSSCG00000043123	34.2722513171731	1.0452908936452	0.415426792088455	2.51618555555904	0.0118632706554839	0.0357262284176437	up
ENSSSCG00000043175	156.077097142449	2.03838931503894	0.237993453192602	8.56489658725751	1.08172885880779e-17	3.78185011705521e-16	up
ENSSSCG00000043207	17.4629001252781	1.5031354071784	0.64090459692247	2.34533410182457	0.019010036417275	0.052769428513091	up
ENSSSCG00000043234	51.5524832750187	1.2795152397061	0.363702351714001	3.51802850236244	0.000434765662890863	0.00206202324935133	up
ENSSSCG00000043238	14.6779343471562	1.45033113895908	0.639916135743626	2.26643939408357	0.0234244939178388	0.0627149461696189	up
ENSSSCG00000043254	2.34914694911675	3.92160949600004	1.80320635895533	2.17479795172861	0.0296452606593034	0.0758455301130738	up
ENSSSCG00000043438	42.6995157669683	1.27583355182458	0.433947508947829	2.94006423707334	0.00328144208930499	0.0120527105184634	up
ENSSSCG00000043496	69.3438945862848	2.1563461021739	0.338646381059415	6.36754509358117	1.92077589090727e-10	2.84638435520868e-09	up
ENSSSCG00000043562	18.9418589270931	1.72350018958853	0.568907056171325	3.02949343111944	0.00244964230803817	0.00932469550871613	up
ENSSSCG00000043622	128.270392671941	1.19556428837174	0.240535168317485	4.97043445552917	6.6803042146524e-07	5.80706710367249e-06	up
ENSSSCG00000043700	5.76125279810231	3.73664835860416	1.21470015907987	3.07618989811828	0.00209664266984833	0.00814006789722934	up
ENSSSCG00000043709	11.7501169443274	1.57777560953674	0.733272762456383	2.15168991720266	0.031421784798283	0.079487072046798	up
ENSSSCG00000043781	1208.0213730504	3.17813996668356	0.114298044496031	27.8057247671801	3.69868878897249e-170	7.61084475947996e-167	up
ENSSSCG00000043842	14.3658643997777	1.4214347895606	0.615183777581846	2.3105856190616	0.0208557543388329	0.0568735868035876	up
ENSSSCG00000043880	654.196357581878	2.20668455690664	0.149575624357955	14.7529690507976	2.94421735624383e-49	5.23561812337483e-47	up
ENSSSCG00000044005	163.162113508823	1.61220869470418	0.223557248267495	7.21161450679119	5.52923226513591e-13	1.16755317877251e-11	up
ENSSSCG00000044007	21.2264937880993	1.37186584407406	0.579977574078643	2.3653773962785	0.0180117059497167	0.0503572617429581	up
ENSSSCG00000044113	22.0349601114158	1.92224637154212	0.676496619311024	2.84147225081454	0.00449057597817488	0.0157072016487691	up
ENSSSCG00000044141	41.8590180620001	2.33595632062527	0.428467003050513	5.45189315395163	4.98363976717454e-08	5.19799762537162e-07	up
ENSSSCG00000044164	4.16249483250318	2.65475944335609	1.27590786899322	2.08068271061834	0.0374629576273901	0.0923210336466941	up
ENSSSCG00000044208	24.2382871187412	2.1573312672501	0.506004246136205	4.2634647509843	2.0128126499914e-05	0.000130575994529538	up
ENSSSCG00000044256	141.678748108631	1.56989454040001	0.261333452612851	6.00724677496881	1.88700195325489e-09	2.44868253465616e-08	up
ENSSSCG00000044383	18.7053492385873	1.77709388236851	0.539304112830298	3.29516100487761	0.00098365304267051	0.00421431838983523	up
ENSSSCG00000044404	102.373196930478	1.01722437295155	0.250551941746093	4.05993410333413	4.90865673222189e-05	0.000292287273960001	up
ENSSSCG00000044411	13.5258482541255	1.54307424582234	0.662794074634196	2.32813524573824	0.0199049232851501	0.054694871232221	up
ENSSSCG00000044495	83.7885945069175	2.99731234549236	0.85486690117833	3.50617428439553	0.000454597447697517	0.00214759646987046	up
ENSSSCG00000044500	3.32676209017187	3.46370033202653	1.56142428910379	2.21829540900417	0.0265346970082486	0.0694288420902475	up
ENSSSCG00000044503	7.99978417284332	3.80321429698868	1.0865488286425	3.50027002628157	0.000464787086188697	0.00218927180819555	up
ENSSSCG00000044572	234.947452200283	1.07207920650358	0.168700963977768	6.35490859818001	2.08550588491213e-10	3.0590251289485e-09	up
ENSSSCG00000044627	113.135060211952	1.42221875615624	0.291084229707482	4.88593544756946	1.02938923778522e-06	8.67094887781191e-06	up
ENSSSCG00000044828	17.6490601904129	1.57199390640443	0.554257129329894	2.83621774663503	0.00456513098737491	0.015937020538572	up
ENSSSCG00000044841	2367.93829348065	1.55366967705112	0.124088493338964	12.5206587270511	5.75554824707593e-36	6.0958027169766e-34	up
ENSSSCG00000044845	44.3109841332107	1.46678096589894	0.359692210280565	4.07787804121427	4.54485944006799e-05	0.000272540197230388	up
ENSSSCG00000044848	23.1918055029059	2.04068618587032	0.531645530518764	3.83843382239869	0.000123821575722682	0.00067125554260802	up
ENSSSCG00000044913	488.014322765016	1.88803509991849	0.56880908298613	3.3192773399586	0.000902507463287351	0.00391116509139659	up
ENSSSCG00000044963	1.46857724479188	4.27818498910414	2.13931465145466	1.99979231021258	0.0455226952993632	NA	up
ENSSSCG00000044966	7.13541375290604	3.59943604065406	1.10684972349909	3.25196452981452	0.00114610323530185	0.00481296530649792	up
ENSSSCG00000045005	231.124236640215	1.38382185489422	0.171712760806625	8.05893428300659	7.6962457279665e-16	2.27165416937765e-14	up
ENSSSCG00000045008	5.80984287106374	2.95769411499043	1.13239382232701	2.61189531122002	0.0090041821989567	0.0282439547895846	up
ENSSSCG00000045078	16.2362276456162	1.21101652980617	0.60814003852656	1.9913448434349	0.0464429886034251	0.110190217071938	up
ENSSSCG00000045086	218.915552988623	1.08789251536305	0.169179726364744	6.43039528872158	1.27272530680098e-10	1.93583266305822e-09	up
ENSSSCG00000045109	42.4746625412493	1.11729161133448	0.364677166263859	3.06378275004494	0.00218557561954195	0.0084241453636292	up
ENSSSCG00000045196	4.55395314698308	2.86043910086362	1.1899600634542	2.40381100905216	0.0162251589780035	0.0462237321833786	up
ENSSSCG00000045200	359.819512129646	1.64454747993293	0.16023351267858	10.2634427245679	1.02968862597403e-24	5.88556943195632e-23	up
ENSSSCG00000045270	8.0343948905363	4.83114948863276	1.25259003627993	3.8569279243038	0.00011482100072996	0.000625049771169443	up
ENSSSCG00000045283	30.1597335439596	1.50507980957251	0.460694791669131	3.26697813126885	0.00108702076968487	0.00459701913286577	up
ENSSSCG00000045297	41.4106697072854	1.02941582602789	0.394256368591621	2.61103157243904	0.00902695594903913	0.0282907470604786	up
ENSSSCG00000045298	38.9300082282035	2.06378102479	0.391303644066302	5.27411654883621	1.33397115924587e-07	1.30267936120526e-06	up
ENSSSCG00000045401	12.115150386453	2.36799545476856	0.770519642039323	3.07324476310717	0.002117447357107	0.00820325759326768	up
ENSSSCG00000045407	135.62184968028	1.37641034829755	0.26361611121328	5.22126793374916	1.77702216354944e-07	1.69511438700438e-06	up
ENSSSCG00000045478	22.7100578608661	1.43437037805039	0.512701301754397	2.79767258858553	0.00514722596831718	0.0176483320275269	up
ENSSSCG00000045505	16.0397907659031	3.47350324616895	0.732962150106116	4.73899401990412	2.14781842276046e-06	1.70546728563626e-05	up
ENSSSCG00000045554	17.691936993073	2.7318540494052	0.654564481947731	4.17354458536499	2.99896939177494e-05	0.000186194634134165	up
ENSSSCG00000045735	281.759675516153	1.34935825892322	0.184311229956182	7.3210854229773	2.45973190219197e-13	5.46758924678597e-12	up
ENSSSCG00000045744	8.06828504636285	2.47798517367438	0.925998075020505	2.67601546970765	0.00745032061715909	0.02414272624737	up
ENSSSCG00000045895	53.2698779143178	1.92415880852172	0.363791055485276	5.28918668974698	1.22861440571868e-07	1.20387495918176e-06	up
ENSSSCG00000045940	13.5670596555403	1.65383756115682	0.734344587545142	2.25212739251673	0.0243142227073021	0.0646882275352751	up
ENSSSCG00000045971	3.28568585576113	3.52538920473539	1.57548307021536	2.2376560379373	0.0252434941802171	0.0666680033318385	up
ENSSSCG00000045979	41.9071480749835	1.56183880900323	0.497333349536068	3.1404264573453	0.00168702058411876	0.00673685735892613	up
ENSSSCG00000045992	139.268726391103	1.61481075816008	0.236535238173401	6.82693526186692	8.67478169125808e-12	1.5717176790048e-10	up
ENSSSCG00000046151	154.041775633202	1.66735879340071	0.260514434309438	6.40025493336091	1.55117735818786e-10	2.32257366604345e-09	up
ENSSSCG00000046212	11.8829685041365	1.40054779877364	0.686524473923997	2.0400551647758	0.0413448316199423	0.100106060624247	up
ENSSSCG00000046655	273.808742782564	3.077108984165	0.231906842181764	13.2687287499401	3.5149298730265e-40	4.44114472728716e-38	up
ENSSSCG00000046709	178.038923208125	2.68184881035625	0.243331274589649	11.0213897283811	3.01369857048712e-28	2.18137257333148e-26	up
ENSSSCG00000046740	138.92409550636	1.02820730158297	0.233035917336449	4.41222672167947	1.0231289168927e-05	7.08857571857742e-05	up
ENSSSCG00000046752	21.8876070058619	1.16704626716057	0.4970620683502	2.34788840563537	0.0188801769728473	0.0524392728725208	up
ENSSSCG00000046753	280.528171347964	1.53203031578311	0.163862835930758	9.34946784657437	8.80898082785731e-21	3.88026176894363e-19	up
ENSSSCG00000046901	7.3802284018433	1.77072886783582	0.878546647523632	2.01552060192478	0.0438501296355305	0.105048181204715	up
ENSSSCG00000047009	8.70682272302799	2.65270418672262	0.882337795511398	3.00644968425628	0.00264317793184855	0.00995355161577688	up
ENSSSCG00000047048	36.6218704908964	1.20705249725205	0.39119116421484	3.08558221061748	0.00203154054200013	0.00792372325127805	up
ENSSSCG00000047073	66.9581581622732	3.11655201972785	0.383938529583971	8.1173202989158	4.76589741761217e-16	1.41834682651417e-14	up
ENSSSCG00000047275	9.84770768283373	1.49817448503806	0.720568612793155	2.07915590332287	0.0376030232306822	0.0926169274028947	up
ENSSSCG00000047427	84.9861008381098	1.173476657904	0.312505062308763	3.75506447554624	0.000173296861210761	0.000909722646531234	up
ENSSSCG00000047435	1.60460007556854	4.41603437067237	2.21999948955453	1.98920512885276	0.0466785660402758	NA	up
ENSSSCG00000047558	5.71611202380367	2.89229520404328	1.09754042201566	2.63525164634166	0.00840749262496965	0.0266625988045053	up
ENSSSCG00000047565	8.1988827905662	5.78720647995335	1.38740965674854	4.17123122345563	3.02958252775798e-05	0.000187852375074584	up
ENSSSCG00000047815	22.3394038190476	1.39343372182598	0.503221556954769	2.76902629183515	0.00562240979092756	0.019006146592002	up
ENSSSCG00000047932	96.4310352856683	2.67781748368231	0.29240772410063	9.1578206147549	5.29559525840105e-20	2.21094939426112e-18	up
ENSSSCG00000048008	1.91501576636819	4.64616901800702	2.33932012532655	1.98611937190873	0.0470200707520659	NA	up
ENSSSCG00000048081	28.7976272767652	1.70453879469875	0.51044898520455	3.33929314016697	0.000839918802818906	0.00367614416159329	up
ENSSSCG00000048084	1.60940149434466	4.44410564620097	2.26637554534074	1.96088669211828	0.0498922420657193	NA	up
ENSSSCG00000048203	21.0002734006182	1.05262164518187	0.527919348966726	1.99390616623944	0.0461623099640892	0.10965071120098	up
ENSSSCG00000048247	4.48611921189764	3.2921658163858	1.28766180053896	2.55670069191137	0.0105670096195922	0.0323088954703049	up
ENSSSCG00000048380	81.8395226910799	1.24660991114611	0.310234538008904	4.01828216531563	5.8623970544567e-05	0.000343120549258002	up
ENSSSCG00000048417	9.5416504760537	1.67373025577224	0.773810884949706	2.16297067969136	0.0305434348108231	0.0777429996492484	up
ENSSSCG00000048506	3.22965901669602	5.42434391270965	1.66888976350351	3.25027094738857	0.00115295103821986	0.00483749104413597	up
ENSSSCG00000048637	246.030104541559	1.09863081767271	0.206091631972202	5.3307880924583	9.77874708371773e-08	9.77467543330119e-07	up
ENSSSCG00000048639	6.79954951279223	1.99965874943828	0.976948375888754	2.04684177668973	0.0406736223072523	0.0988484096801317	up
ENSSSCG00000048773	2.46930603443489	4.00691337408668	1.78037047607104	2.25060650462437	0.0244104710788401	0.064896350206647	up
ENSSSCG00000048812	18.3726244401731	1.75612597766254	0.724592171917455	2.42360605830917	0.0153672653263937	0.0442788737270204	up
ENSSSCG00000048833	50.3537776982299	1.87154973573588	0.444771591716072	4.20788955633348	2.57766787859736e-05	0.000162988270953979	up
ENSSSCG00000048972	4.85622522955059	2.35661219052366	1.15819063218318	2.03473601412357	0.041877442385189	0.10116175135661	up
ENSSSCG00000049160	13.3429184974698	2.98130498484093	0.729159688639595	4.08868596452884	4.33823683980124e-05	0.000261565355548334	up
ENSSSCG00000049253	98.1478854898317	1.27716934730475	0.251940973212065	5.06931973399073	3.99240062408065e-07	3.60542561688136e-06	up
ENSSSCG00000049355	12.4488107814699	1.77761715003418	0.670840895112754	2.6498342050769	0.00805312793237594	0.025725716286969	up
ENSSSCG00000049449	34.9100595335636	1.16435320711298	0.399006012804198	2.91813448857563	0.00352132438158782	0.012801907216656	up
ENSSSCG00000049509	621.854908862739	1.9315040358127	0.340387863297576	5.67442098875344	1.39158526164756e-08	1.57705697157919e-07	up
ENSSSCG00000049553	209.645178979043	1.09590674474394	0.224196097367823	4.88816155861073	1.01781989738725e-06	8.58353501286061e-06	up
ENSSSCG00000049571	3.33917486112806	2.87449094695195	1.46248763090434	1.96548051840582	0.0493586483098676	0.115547207907579	up
ENSSSCG00000049578	7.60507160222285	2.1901061021125	0.871311278784407	2.51357483305849	0.0119514419319035	0.0359091717953981	up
ENSSSCG00000049896	264.112999548097	2.01875023768799	0.190608309751841	10.5910924886552	3.27744194545685e-26	2.08886167178586e-24	up
ENSSSCG00000049906	18.2706781831717	1.37449430586527	0.577792645019862	2.37887123990306	0.0173657407104416	0.048940741380004	up
ENSSSCG00000050022	22.454948650448	1.10550687169493	0.542608041581815	2.03739492778646	0.0416104817553073	0.100630856145643	up
ENSSSCG00000050251	79.0855986358741	1.4078874137065	0.267020904963421	5.27257374810924	1.3452375254833e-07	1.31190259424925e-06	up
ENSSSCG00000050281	20.5009571733586	3.52058457255845	0.652833277968744	5.39277743854076	6.93768624572627e-08	7.09833640667255e-07	up
ENSSSCG00000050363	14.6835462120273	1.40941163391348	0.623803451814767	2.25938415347531	0.0238594992610508	0.063713798175042	up
ENSSSCG00000050425	166.839756341852	1.45825033330301	0.193814070227558	7.52396527037931	5.31394655729287e-14	1.28858730995365e-12	up
ENSSSCG00000050550	7.58663014618237	1.87879402749221	0.857259177246148	2.19162894648457	0.0284063100563936	0.0733138308640556	up
ENSSSCG00000050565	6.14964540928017	2.47740683407121	1.07199805289871	2.31101803531474	0.0208318587275879	0.056842941992761	up
ENSSSCG00000050779	74.403376232859	1.06617700142374	0.306954273939761	3.47340660137858	0.000513896187262981	0.00239862627392611	up
ENSSSCG00000050834	8.23584925075316	2.72314025531698	0.893005529174913	3.04941029629796	0.00229291096661659	0.00880487591659434	up
ENSSSCG00000050878	95.6118979002606	1.28863039321703	0.255168594286563	5.05011361927186	4.41547358557316e-07	3.96264682408697e-06	up
ENSSSCG00000050915	17.5260703339846	1.24665013017848	0.567133591297686	2.19815956823499	0.0279377367953877	0.0723768274821519	up
ENSSSCG00000050967	32.6978749479486	1.73067397215092	0.46434535485746	3.72712670439481	0.000193675107820807	0.00100204606790621	up
ENSSSCG00000050971	110.484690851029	1.87322436266449	0.287924401991781	6.50595902850209	7.71992666720358e-11	1.21262621280698e-09	up
ENSSSCG00000050998	66.6844727953465	3.95362934442781	0.382087917716457	10.3474335646534	4.29854103046019e-25	2.49662036301406e-23	up
ENSSSCG00000051007	2.70373461438894	4.14046356614084	1.72132249993989	2.40539676108657	0.0161549157946211	0.0460418296608079	up
ENSSSCG00000051090	720.572409574729	1.04957333174046	0.123764722561613	8.48039174667049	2.24436969992139e-17	7.53564129549364e-16	up
ENSSSCG00000051314	26.0729724803347	1.05914558965972	0.517455657586799	2.04683352888467	0.0406744323919842	0.0988484096801317	up
ENSSSCG00000051366	58.3060942832606	2.21855297231574	0.344167533068656	6.44614252987418	1.1473277175384e-10	1.76184524983188e-09	up
ENSSSCG00000051417	1.45482024417207	4.26614232726243	2.12359337398568	2.00892618121872	0.0445449628976358	NA	up
ENSSSCG00000051437	4.69802207236249	3.32666163285893	1.31283640366095	2.53394986883534	0.011278486561677	0.0342661126188383	up
ENSSSCG00000051468	7.94842949951504	2.91185573545147	0.977137108503049	2.97998685149965	0.0028826075633754	0.0107348900635688	up
ENSSSCG00000051552	353.765000048699	1.09063542113787	0.144999418375646	7.52165376493023	5.40876650709293e-14	1.30937601291036e-12	up
ENSSSCG00000051612	76.7859364521542	1.87482842967204	0.277836145389461	6.74796444157388	1.49933678215179e-11	2.61775115274113e-10	up
ENSSSCG00000051635	16.3753210507652	1.86276200729985	0.632187797876436	2.94653268151806	0.00321358458176787	0.0118263853642781	up
