baseMean	log2FoldChange	lfcSE	stat	pvalue	padj	sig
ENSSSCG00000000092	31.9855242866787	-1.25509308690817	0.430038706525884	-2.91855841779355	0.00351653978269392	0.0127909694520008	down
ENSSSCG00000000258	17.7118560952667	-1.38528260766512	0.587256214886106	-2.35890667914648	0.0183288643564379	0.051134798022493	down
ENSSSCG00000000275	27.6275907202993	-1.56277542670664	0.472728693926395	-3.30586115627238	0.000946849933999276	0.00408213901506303	down
ENSSSCG00000000368	59.0169009001371	-1.0781916076002	0.340632873364084	-3.16525999664096	0.00154944429887034	0.00626036344486071	down
ENSSSCG00000000376	186.101036763146	-1.04694614403966	0.202650027467817	-5.16627684250341	2.38803009863205e-07	2.22060590966404e-06	down
ENSSSCG00000000433	44.0833955425235	-1.75511688933871	0.39136564435206	-4.48459622010119	7.30521360212359e-06	5.1885747892006e-05	down
ENSSSCG00000000443	4.49619667405661	-2.66901008793179	1.27188718599536	-2.09846448436624	0.035864134085471	0.0890445588861649	down
ENSSSCG00000000455	484.019054645822	-1.29742435085887	0.13656695251854	-9.5002804626744	2.09325756990922e-21	9.63299745590171e-20	down
ENSSSCG00000000672	92.2508787404977	-1.35860489800146	0.27268708491442	-4.98228545890923	6.2837643072827e-07	5.48553582315757e-06	down
ENSSSCG00000000683	112.14362764147	-1.03126785363629	0.240782948204732	-4.28297710168173	1.84409155944822e-05	0.000120573285620936	down
ENSSSCG00000000703	28.0333646530186	-1.74988029861704	0.490294420980214	-3.5690397926997	0.00035829200751123	0.0017347725782158	down
ENSSSCG00000000707	8.02555044929883	-1.84089126714014	0.885239780108308	-2.07953970043564	0.0375677727527348	0.0925476652523332	down
ENSSSCG00000000749	99.3664417838524	-1.55954146730646	0.256912125890975	-6.07033031974629	1.27647422466667e-09	1.70401619389238e-08	down
ENSSSCG00000000975	38.3538950850568	-2.25567558443098	0.434907564181096	-5.18656323827864	2.14210307053206e-07	2.00356185895739e-06	down
ENSSSCG00000001011	68.2830714203833	-1.24594631394448	0.311836120750131	-3.99551633385933	6.45534060162137e-05	0.00037417595986219	down
ENSSSCG00000001091	68.7071136952023	-1.20450085375044	0.307780437894161	-3.91350685570419	9.09653166213033e-05	0.00050849910775672	down
ENSSSCG00000001101	35.8722282359262	-1.09755791389203	0.456920959300042	-2.40207390699123	0.0163024143567277	0.046397940405909	down
ENSSSCG00000001382	658.612287946353	-1.01901568807223	0.138819920918642	-7.34055805052246	2.12705090401176e-13	4.76485866584531e-12	down
ENSSSCG00000001394	1.97800970037293	-4.15048851417352	1.9639746092261	-2.11331067859834	0.0345741853346998	NA	down
ENSSSCG00000001396	94.1779391848034	-1.02776628266281	0.255031133753259	-4.02996397944562	5.57854007007807e-05	0.000327171380982917	down
ENSSSCG00000001398	222.188199051833	-1.32522308649739	0.179608238347968	-7.37840924607219	1.60191926342551e-13	3.63370788509937e-12	down
ENSSSCG00000001418	202.029840575223	-1.01607373579801	0.185080621240813	-5.48989801842073	4.02165879270122e-08	4.25628018001971e-07	down
ENSSSCG00000001419	38.5210862192547	-1.40851116201548	0.397961405955832	-3.53931597621253	0.000401165360536544	0.00191909194724955	down
ENSSSCG00000001422	10.6235635157112	-1.54288864148449	0.773385149683926	-1.99498095110186	0.0460449574872058	0.10944415307685	down
ENSSSCG00000001440	3.16701150181376	-3.79095607762671	1.63552242540845	-2.31788694470514	0.020455466156423	0.0559621148180658	down
ENSSSCG00000001463	9.56478929563135	-1.94222350782146	0.842699472913821	-2.30476411846538	0.0211797876902668	0.0576916909777994	down
ENSSSCG00000001488	428.894526181801	-1.08249536768372	0.166908885555521	-6.48554667464743	8.84106238088797e-11	1.37970381943998e-09	down
ENSSSCG00000001660	591.06285729029	-1.1123180602464	0.130111879764145	-8.54893544127337	1.24228975316779e-17	4.29111309463521e-16	down
ENSSSCG00000001720	195.523027918804	-1.36826331704169	0.212800104194752	-6.42980567241391	1.27767180942868e-10	1.93926077376298e-09	down
ENSSSCG00000001752	60.1406615041776	-1.01443938380941	0.319467798299059	-3.17540418536888	0.0014962792633877	0.00607281107631344	down
ENSSSCG00000001755	37.2249107443987	-1.31206347542576	0.391336076068684	-3.35277924950492	0.000800044889843337	0.0035208819411254	down
ENSSSCG00000001773	260.498281051966	-1.08011345474564	0.166591065389649	-6.48362174897739	8.95465541238114e-11	1.39440926010744e-09	down
ENSSSCG00000001787	6.61657676587342	-2.14900025581707	0.978947725350015	-2.19521451469608	0.0281482135728658	0.0727128529956168	down
ENSSSCG00000001788	17.129000710081	-1.17540053955417	0.578097902523756	-2.03322055731878	0.0420302450487047	0.101475636889297	down
ENSSSCG00000001800	52.2367499303665	-1.34224802788193	0.362003647163717	-3.70783012380782	0.00020904280682244	0.0010749919990969	down
ENSSSCG00000001818	151.671986838821	-1.04073523867449	0.220847486491917	-4.71246132435645	2.4474254164469e-06	1.90555219991898e-05	down
ENSSSCG00000001823	34.7818873855652	-1.2528851261297	0.433060620461854	-2.89309410029828	0.00381466991084548	0.0136682849243329	down
ENSSSCG00000001875	84.3975525272486	-1.01481441375297	0.271769945379256	-3.73409360014696	0.000188392426740817	0.000977875500819723	down
ENSSSCG00000001906	205.335426125539	-2.24288499634333	0.231496489650034	-9.68863501875998	3.3700232836145e-22	1.63440455815432e-20	down
ENSSSCG00000001910	140.923990477362	-1.54396162086513	0.247429447065158	-6.24000756247312	4.37549739179641e-10	6.15475238588237e-09	down
ENSSSCG00000001921	575.764908407563	-1.04106606633981	0.130004586158942	-8.00791800580797	1.16666643008455e-15	3.38803694736651e-14	down
ENSSSCG00000001987	16.7566769033802	-1.31003846054337	0.665969128420602	-1.9671158986757	0.049169850758992	0.115255090371444	down
ENSSSCG00000001988	8.69521365803481	-1.75324595234586	0.830113127653877	-2.1120566510025	0.0346815905207054	0.0864878168040584	down
ENSSSCG00000002009	125.825166521549	-1.19937415983218	0.223630722293276	-5.36319047549865	8.17647046776409e-08	8.28809856563505e-07	down
ENSSSCG00000002356	12.8805426470182	-1.9485142135509	0.703376361961837	-2.77022987823498	0.00560167422824032	0.0189509861103778	down
ENSSSCG00000002368	11.8342127901635	-1.68921978609778	0.791548003491072	-2.13407118538305	0.0328369541685296	0.0825739329335719	down
ENSSSCG00000002389	62.9791465134442	-1.09154583759024	0.326133318696515	-3.34693137748978	0.000817114351812488	0.00358832778155704	down
ENSSSCG00000002430	51.2422796125736	-1.38930168709361	0.334460725844559	-4.15385598289734	3.26918976934096e-05	0.000201667706370823	down
ENSSSCG00000002444	8.39906660635235	-1.9237551445529	0.85770377671847	-2.24291322572123	0.0249024107261987	0.0659001146610631	down
ENSSSCG00000002512	8.66129507127598	-5.2853440592752	1.39904615894955	-3.77781964195063	0.000158207382688467	0.000838109282914556	down
ENSSSCG00000002520	18.9996358583416	-1.51902162023858	0.56389001439514	-2.69382606795754	0.00706370154149507	0.0230999984085723	down
ENSSSCG00000002600	2.63073330481696	-4.56495045650633	1.75389912027029	-2.60274402543907	0.00924809739890893	0.0288301097559073	down
ENSSSCG00000002639	106.646695236035	-1.14562828585652	0.273257387284147	-4.19248788566229	2.75911820451912e-05	0.000173018452842375	down
ENSSSCG00000002653	5.14939840304736	-2.42988257921925	1.17605185357437	-2.06613558053084	0.0388156794433403	0.095004425947642	down
ENSSSCG00000002754	320.758697600632	-1.33073033399899	0.155687044642882	-8.54746993914261	1.25816045879373e-17	4.33553666231219e-16	down
ENSSSCG00000002825	903.449709361062	-1.22560597626392	0.123477321231541	-9.9257577346183	3.21650280256425e-23	1.66059162609804e-21	down
ENSSSCG00000002829	13.1051502588719	-1.97416905425875	0.704020835097611	-2.80413441739269	0.00504518667235612	0.017348023114972	down
ENSSSCG00000002921	8.49092309394334	-1.88235277191191	0.848398618321444	-2.21871267970254	0.026506277843111	0.0693670832216881	down
ENSSSCG00000002953	23.2312892447589	-1.13320361772646	0.485354608714992	-2.33479521442414	0.0195541213252924	0.0538851279069277	down
ENSSSCG00000002972	32.0072783376159	-2.13280057759491	0.513384922700795	-4.15438880903388	3.26158171278929e-05	0.000201284588650458	down
ENSSSCG00000002996	72.2741154102457	-1.13760875439251	0.309926531493588	-3.67057556805538	0.000242004907165814	0.00122913916883511	down
ENSSSCG00000003013	21.4969535167907	-1.21083327786653	0.520441623961945	-2.32654964960117	0.0199892470221408	0.0548973172582846	down
ENSSSCG00000003017	453.723065372372	-1.08817335457863	0.155585029929221	-6.9940749124364	2.67014865746039e-12	5.06730187905921e-11	down
ENSSSCG00000003090	334.118498647989	-1.02273407089152	0.162488781057127	-6.29418267672245	3.09023734201538e-10	4.45563350093989e-09	down
ENSSSCG00000003214	15.7032598194081	-1.63826000144913	0.618758303157962	-2.6476574020711	0.00810516182239477	0.0258460816669857	down
ENSSSCG00000003218	5.44955686983213	-3.694197960639	1.3401384039278	-2.75657943225246	0.00584094240454736	0.0196664175771623	down
ENSSSCG00000003236	3.13958171779993	-3.75243804287398	1.75174730730888	-2.14211149474444	0.0321845111435576	0.0811457550344483	down
ENSSSCG00000003253	829.368635573133	-1.01296189349929	0.113496408333422	-8.92505682226944	4.45470466175701e-19	1.73890422623165e-17	down
ENSSSCG00000003255	8.13779933106013	-2.08672967961998	0.973044724442021	-2.14453624504936	0.03198994449837	0.0807153379475885	down
ENSSSCG00000003261	29.3723096326286	-1.119581823885	0.477816679736717	-2.34312001100903	0.0191232307896743	0.0530019273223916	down
ENSSSCG00000003344	28.1619027463953	-1.48216337931347	0.547445494206981	-2.70741725888256	0.00678089712930873	0.0223608155335538	down
ENSSSCG00000003395	16.2767520733623	-1.74698771350533	0.626576057714625	-2.78814948639642	0.00530100769641598	0.0180892411490037	down
ENSSSCG00000003402	798.859996700312	-1.36789600932278	0.128444813704025	-10.649678798825	1.7496772519674e-26	1.13524104222245e-24	down
ENSSSCG00000003572	11.8027482904744	-1.9782325304232	0.717669383468297	-2.75646777749241	0.00584293693581613	0.0196685355511791	down
ENSSSCG00000003582	39.0156175226565	-1.25835624367451	0.412995013094985	-3.0469042089501	0.00231211379325677	0.00885542244173109	down
ENSSSCG00000003590	49.5257690591825	-2.29539649965038	0.875892927281108	-2.62063595692638	0.00877659267693477	0.027626320130806	down
ENSSSCG00000003651	29.2862676602026	-1.24502665959684	0.472878186796983	-2.63286972069905	0.008466681685826	0.0267977043249977	down
ENSSSCG00000003694	5898.93463463365	-1.15450414437281	0.0922795851656072	-12.5109377366718	6.50517061384273e-36	6.83945091399932e-34	down
ENSSSCG00000003721	667.889241328933	-1.14030229728731	0.153477486945843	-7.42976914711719	1.08787374441372e-13	2.52330650797668e-12	down
ENSSSCG00000003729	80.8577202229765	-1.33512881181183	0.391494732793407	-3.41033658942325	0.000648827520056236	0.00293521092929963	down
ENSSSCG00000003755	32.4221361655476	-1.11831822154415	0.413638504842857	-2.70361247430048	0.00685902304016392	0.0225513279777496	down
ENSSSCG00000003760	66.8870016206147	-1.36587628814312	0.322358944743499	-4.23712855007002	2.26396528617934e-05	0.000144805310755449	down
ENSSSCG00000003839	978.703372264054	-1.28765980138563	0.5592482175436	-2.30248351446063	0.0213079200561446	0.057979559571225	down
ENSSSCG00000003848	169.978722786864	-1.08851792244742	0.208796401694741	-5.21329828297917	1.85512238131274e-07	1.76261100134754e-06	down
ENSSSCG00000003903	296.300697084008	-1.01060503017436	0.158729100273006	-6.36685414606504	1.92944489098558e-10	2.85335977512898e-09	down
ENSSSCG00000004024	31.1462420278668	-1.28037828240157	0.422683000810994	-3.02916909349307	0.00245227384945542	0.0093322463745194	down
ENSSSCG00000004093	203.552205483791	-1.122880063952	0.210129086802587	-5.34376311741617	9.10365230012194e-08	9.16345267162518e-07	down
ENSSSCG00000004148	39.0467679231932	-1.35034463330683	0.393926323919273	-3.42791164569026	0.000608243382866055	0.00277602588301732	down
ENSSSCG00000004179	26.8319534461232	-1.59214888216538	0.587436526831299	-2.71033347339434	0.00672155914340239	0.0221855850798683	down
ENSSSCG00000004193	60.4416358039763	-1.66166575599096	0.801878670889573	-2.07221593030723	0.0382453084291355	0.0938795880390709	down
ENSSSCG00000004233	16.1324046841052	-1.52284594295387	0.66027107544366	-2.30639505438068	0.0210885680870809	0.0574649517075887	down
ENSSSCG00000004434	49.9901894388367	-1.69402750513595	0.454413461790536	-3.72794304653946	0.000193048989275624	0.000999206959265871	down
ENSSSCG00000004643	35.1961335179505	-1.22842278207443	0.406954263801266	-3.01857700322394	0.00253964851832535	0.00961395460130311	down
ENSSSCG00000004676	5.21103969018058	-5.55977391864387	1.64232448417187	-3.38530781963428	0.000710984755922318	0.00317157770960206	down
ENSSSCG00000004678	13.7148154785826	-2.33833816859153	0.83841500886237	-2.78899846003994	0.00528713164283544	0.018050685988007	down
ENSSSCG00000004713	8.32277414166039	-1.65162582072201	0.820144331106014	-2.01382336996061	0.0440280811914773	0.105380605098378	down
ENSSSCG00000004782	776.9366626984	-1.04438171942271	0.133258640315336	-7.83725330643731	4.60508480583075e-15	1.24216557196978e-13	down
ENSSSCG00000004835	7.26941710833993	-3.52524643511618	1.16553763291751	-3.02456680552818	0.00248989475525558	0.0094479568110383	down
ENSSSCG00000005037	1011.61802400822	-1.04405666469125	0.156054695571255	-6.690325214947	2.22675175844631e-11	3.80927937395019e-10	down
ENSSSCG00000005182	26.0192470515504	-1.2759014393602	0.474731746850043	-2.68762611269651	0.00719619225418212	0.023445816156806	down
ENSSSCG00000005277	14.5187478454757	-2.21077405940971	0.664296014810304	-3.32799536670564	0.00087473321254965	0.00380769331930044	down
ENSSSCG00000005301	28.8400064288911	-1.26609712445898	0.467971320006786	-2.70550153466801	0.00682013331366673	0.0224542172000127	down
ENSSSCG00000005350	27.551954593442	-1.21037694407705	0.499481388751947	-2.42326735556938	0.0153816018271169	0.044302458051948	down
ENSSSCG00000005465	124.313863220598	-1.09906099012809	0.220118460771784	-4.99304322897106	5.9435247613059e-07	5.22652812343408e-06	down
ENSSSCG00000005480	275.51766071269	-1.01324072482509	0.179285495639276	-5.65154878375514	1.59008544439498e-08	1.78655153986469e-07	down
ENSSSCG00000005494	48.787867026468	-1.35332076378946	0.38197704904624	-3.5429373758674	0.00039569665598661	0.00189355967868144	down
ENSSSCG00000005503	297.692655884299	-1.11844093883029	0.194123839637956	-5.76148164448114	8.33787323066361e-09	9.81198741948355e-08	down
ENSSSCG00000005511	12.3989689166347	-1.6446400666311	0.694457805538637	-2.36823613114331	0.0178731245970669	0.0500810871924181	down
ENSSSCG00000005512	88.4709778160358	-1.20730916337101	0.35912769163015	-3.36178242866986	0.000774411160020451	0.00342376253804008	down
ENSSSCG00000005608	120.850248553391	-1.2216407730005	0.233192388275854	-5.23876779183445	1.61652281393854e-07	1.55597773178564e-06	down
ENSSSCG00000005619	21.141868440171	-2.19460024290637	0.567740534166862	-3.86549860514515	0.000110862482649182	0.000605607219746184	down
ENSSSCG00000005628	88.5542781169948	-1.21307088596544	0.257612245589942	-4.70890226195365	2.49054451631754e-06	1.93389774733358e-05	down
ENSSSCG00000005638	4.43950044823635	-4.29630879095913	1.52959470980618	-2.80878899712168	0.00497282273305921	0.0171360140303791	down
ENSSSCG00000005648	207.813616785328	-1.28405599361274	0.201564479325237	-6.37044779869588	1.88477085906908e-10	2.7997610113726e-09	down
ENSSSCG00000005650	78.0325593780609	-1.45799022570152	0.285297144257941	-5.11042698830288	3.21431515160614e-07	2.93961875833237e-06	down
ENSSSCG00000005738	31.058352050919	-1.45919843978463	0.452084019570374	-3.22771515164667	0.00124783162999217	0.00519473028855702	down
ENSSSCG00000005970	1853.75915830399	-1.56572992742291	0.128450408939794	-12.1893728509403	3.54136191657226e-34	3.44660655718289e-32	down
ENSSSCG00000006083	1397.07226888595	-1.00583990713664	0.117570039321626	-8.55524003343282	1.17623720259105e-17	4.08253510027024e-16	down
ENSSSCG00000006116	122.487097674528	-1.15591232606313	0.250133717281055	-4.62117757904797	3.81567984954522e-06	2.85808905631042e-05	down
ENSSSCG00000006162	109.280082844524	-1.00954416782628	0.259782733422446	-3.88610957520647	0.00010186354176311	0.000561086981092096	down
ENSSSCG00000006191	7.44494265574459	-1.87565107307466	0.902505077594513	-2.07827204482208	0.037684309722082	0.0927395860647307	down
ENSSSCG00000006294	291.847309015042	-1.02854770832677	0.166000749143383	-6.19604256989444	5.79004727857286e-10	8.03466676306006e-09	down
ENSSSCG00000006307	41.0399511760155	-1.53720154678344	0.446829436546353	-3.44024234093623	0.000581193528953802	0.00267630219171282	down
ENSSSCG00000006372	14.9860466723913	-1.35003410391181	0.661865363324313	-2.03974128081136	0.0413761010097701	0.100164934276425	down
ENSSSCG00000006392	61.5499895257455	-1.68029385281668	0.342008084121483	-4.9130237875308	8.96823912079445e-07	7.63015453608524e-06	down
ENSSSCG00000006394	131.802697429082	-1.02251323906605	0.250566610938668	-4.08080404342594	4.48801803170442e-05	0.000269692998450857	down
ENSSSCG00000006396	48.9323813572772	-1.11865634370716	0.346446805789306	-3.22894113905463	0.00124249465092036	0.00517700114314631	down
ENSSSCG00000006506	272.436438711867	-1.50095003966189	0.179414975579625	-8.36580132072507	5.97077342821821e-17	1.93700496531655e-15	down
ENSSSCG00000006524	1933.52545020099	-1.12912503651327	0.104357563847997	-10.8197718965337	2.77467078390667e-27	1.92145951785537e-25	down
ENSSSCG00000006526	44.7985255524589	-2.69625774925332	0.406382342797775	-6.63478076013514	3.24985208888368e-11	5.4242027217011e-10	down
ENSSSCG00000006531	13.5299039355559	-5.06569284463096	1.1845930721502	-4.27631476472846	1.90012517542851e-05	0.000123899515739576	down
ENSSSCG00000006542	2.47634213499951	-4.48798320430367	1.84332869222224	-2.43471672916518	0.014903451803773	0.0431756475827727	down
ENSSSCG00000006560	5.63474344804733	-3.14986685665221	1.23375540560247	-2.5530723856193	0.0106777302625018	0.0326128131257581	down
ENSSSCG00000006719	88.609838928636	-1.36849637852027	0.313247043700568	-4.3687447528744	1.24962715777505e-05	8.51851849531083e-05	down
ENSSSCG00000006720	114.003352452979	-1.95088162566837	0.283080354363454	-6.89161785901818	5.51613918103322e-12	1.01734274985407e-10	down
ENSSSCG00000006737	55.0215551351695	-1.93075571366999	0.40836983858378	-4.72795865719618	2.26788346353604e-06	1.784084839365e-05	down
ENSSSCG00000006776	305.923954017327	-1.22300020974572	0.184541578856848	-6.62723391292985	3.42035414914696e-11	5.67589644750147e-10	down
ENSSSCG00000007094	249.173863334458	-1.1068735838757	0.208104541243776	-5.31883435729107	1.04434158023064e-07	1.0395781701204e-06	down
ENSSSCG00000007099	14.839745774712	-2.23229781297077	0.658097674676755	-3.39204634641391	0.000693727047719237	0.00310613751798194	down
ENSSSCG00000007160	246.638358377054	-1.17703607101416	0.185898412078239	-6.33160906462603	2.42617577896839e-10	3.5228463629295e-09	down
ENSSSCG00000007199	42.95733432597	-1.13672570168476	0.419386557329023	-2.71044858691777	0.0067192264637216	0.0221855850798683	down
ENSSSCG00000007252	125.29133956185	-1.2539385832472	0.270436741220241	-4.63671680700367	3.5398687196014e-06	2.67234114450412e-05	down
ENSSSCG00000007435	57.1497457481534	-1.19712376354348	0.358580663195365	-3.33850618958573	0.000842301537552501	0.00368433384357917	down
ENSSSCG00000007485	35.2855619402205	-1.17760263618899	0.455434545779493	-2.58566823070807	0.00971904308393499	0.0300672458292525	down
ENSSSCG00000007507	163.934487816418	-2.85061069227439	0.233217931147787	-12.2229482023318	2.34426120024078e-34	2.31279029645673e-32	down
ENSSSCG00000007529	67.1526347139823	-1.64339196995307	0.325548719430235	-5.04806768347694	4.46301045714607e-07	4.0001294407587e-06	down
ENSSSCG00000007557	64.2021863648207	-1.19003902157194	0.332174927870678	-3.58256726117284	0.000340233973568328	0.00165677151970189	down
ENSSSCG00000007567	27.180264816177	-1.27366822005984	0.471661552569882	-2.7003859295297	0.00692590830258074	0.0227400919057153	down
ENSSSCG00000007674	2.0664290178761	-4.21743203134032	1.86894125031005	-2.25658887385608	0.0240337762383184	0.0640736937029173	down
ENSSSCG00000007682	4.36688876696268	-3.34006070159375	1.44072524592257	-2.31831899319216	0.0204319909266159	0.0559388902412701	down
ENSSSCG00000007718	1359.14338433349	-1.47423509756514	0.140250375336534	-10.5114520658336	7.65063848275946e-26	4.66948291125709e-24	down
ENSSSCG00000007772	25.5308111737337	-1.05402600611329	0.485203014247822	-2.17234018578238	0.0298300130316877	0.076171494987063	down
ENSSSCG00000007864	1314.23378724826	-1.08114204359583	0.130674826625822	-8.27352958111514	1.30050516992524e-16	4.09006036410548e-15	down
ENSSSCG00000007909	65.5178610898607	-1.10625541681949	0.304457995474841	-3.63352394504911	0.000279576487997542	0.00138767048005396	down
ENSSSCG00000008118	18.0328094027219	-1.56344210881202	0.573119015872382	-2.72795364577497	0.00637285627151417	0.0211703463410724	down
ENSSSCG00000008122	26.5870649054861	-1.43042163481537	0.471395127749052	-3.03444297705355	0.00240980306088653	0.00919491477854557	down
ENSSSCG00000008195	268.281252487614	-1.07425103206908	0.194155091205208	-5.5329531942774	3.14883519786205e-08	3.36967475408655e-07	down
ENSSSCG00000008197	63.2141167395407	-1.73846897307316	0.367753260890664	-4.72727004204598	2.27558544925289e-06	1.78819055161149e-05	down
ENSSSCG00000008311	129.846378144321	-1.18056881328257	0.266584759239221	-4.42849327415293	9.48936774332007e-06	6.61912120943256e-05	down
ENSSSCG00000008368	287.128322473831	-1.23814550774482	0.180403696359234	-6.86319367469791	6.73378316861003e-12	1.22932082079416e-10	down
ENSSSCG00000008427	22.5172979308073	-1.04253006264754	0.529697274542169	-1.96816202905447	0.0490493976531333	0.115028903255573	down
ENSSSCG00000008554	5.28061616148469	-2.96255262306723	1.1970821216188	-2.47481151841196	0.0133306506990619	0.0392507548383661	down
ENSSSCG00000008601	441.359729357412	-1.57167102672919	0.215421614460843	-7.29579077133357	2.96910002341866e-13	6.52930026524006e-12	down
ENSSSCG00000008738	93.0810567274223	-1.26548810264377	0.295098384272587	-4.28835998463082	1.79997206466329e-05	0.000118225251342499	down
ENSSSCG00000008741	6.44801254304395	-2.73158728735965	1.16494940838441	-2.3448119443641	0.0190366785566002	0.0528026801327304	down
ENSSSCG00000008742	24.6786378009438	-4.55817483770932	1.54583024573816	-2.94869042074714	0.00319123473399404	0.0117681887118408	down
ENSSSCG00000008771	33.0728097900547	-1.40372506247997	0.501439990250996	-2.79938794226869	0.00511995839435542	0.0175673846384696	down
ENSSSCG00000008803	119.990262581793	-1.35246504615059	0.256452597107482	-5.27374283358791	1.33669182366086e-07	1.30445183116605e-06	down
ENSSSCG00000008857	796.937125553936	-1.17526692544906	0.137019899747312	-8.57734480623946	9.70882441897491e-18	3.40257681097116e-16	down
ENSSSCG00000008867	34.8556735871989	-1.25841398548827	0.431289758598081	-2.91779241310709	0.00352518947061021	0.0128094927181305	down
ENSSSCG00000008980	130.815550905519	-1.2029837352562	0.224556062359088	-5.35716436518424	8.45382098436671e-08	8.53918916260996e-07	down
ENSSSCG00000008988	55.4914767073819	-1.13960234086729	0.362864935306271	-3.14056892795504	0.00168620022943654	0.00673544872568051	down
ENSSSCG00000009069	8.08701907787988	-2.23301052027812	0.929239910437946	-2.40305059564835	0.0162589377037781	0.046292496280929	down
ENSSSCG00000009085	39.4526763478354	-1.2540803992578	0.423711136493096	-2.95975321686696	0.00307885565036034	0.0114014054259482	down
ENSSSCG00000009162	45.740153080003	-1.30189340537968	0.376167743563171	-3.46093844476872	0.000538295881066338	0.00249955314986445	down
ENSSSCG00000009221	21.2507738787945	-2.48198519068244	0.568850830085762	-4.36315648921221	1.28199171220859e-05	8.71851209756967e-05	down
ENSSSCG00000009231	81.455783811283	-1.13961786785043	0.308863255478206	-3.68971655785338	0.000224504047970878	0.00114957565125223	down
ENSSSCG00000009240	5.47877976716689	-3.08855408985565	1.21586695189053	-2.54020728588215	0.0110786786566742	0.0337158857745058	down
ENSSSCG00000009413	10.4235898327166	-1.62121103653915	0.765389547195651	-2.11815152490544	0.0341622370431783	0.0853700316394761	down
ENSSSCG00000009524	242.745132884656	-1.09286285642526	0.186598749344333	-5.85675338267451	4.72003227843726e-09	5.72766174714493e-08	down
ENSSSCG00000009530	9.253630763018	-1.89091269847831	0.812834176179077	-2.32632036631013	0.0200014663268174	0.0548973172582846	down
ENSSSCG00000009532	257.259025407606	-1.10761615605979	0.170489247729336	-6.4966921422412	8.21052344817134e-11	1.28688117244244e-09	down
ENSSSCG00000009613	19.5866339122037	-1.21452507955195	0.562010649033397	-2.16103570571271	0.0306925813751353	0.0779758718604213	down
ENSSSCG00000009644	54.8951098711342	-1.38087077310314	0.356284526266774	-3.87575286407243	0.000106295528391377	0.00058282481574016	down
ENSSSCG00000009778	32.3728161611931	-1.18353915014676	0.44281361538436	-2.67277045923589	0.00752277059324592	0.0243163223516834	down
ENSSSCG00000009870	22.0757641714458	-1.07721485915406	0.494750628927564	-2.17728850893847	0.0294590480119427	0.0754514440001245	down
ENSSSCG00000009880	102.292499647997	-1.31061751967795	0.292940324662174	-4.47400855853282	7.67666670547004e-06	5.42831159673984e-05	down
ENSSSCG00000009888	129.16128074825	-1.06893799654374	0.247649816082556	-4.3163286508858	1.5864572434431e-05	0.000105500139125367	down
ENSSSCG00000010009	18.5306172200614	-1.49306587064874	0.659219276399142	-2.26490019952743	0.0235188045361202	0.0629323538061073	down
ENSSSCG00000010071	93.0298324001105	-1.02278251511027	0.265155387282401	-3.8572948699736	0.000114648823623179	0.000624348451972881	down
ENSSSCG00000010073	57.2734724812512	-1.05854149118586	0.32823053633237	-3.22499394180062	0.001259753345583	0.00523528193588503	down
ENSSSCG00000010102	31.93900217937	-1.13444837493064	0.442265393291527	-2.56508510984229	0.0103150499693094	0.0316471454176146	down
ENSSSCG00000010104	31.0211674461593	-1.21402136307823	0.427750255572763	-2.83815461770477	0.00453751965912069	0.0158483106619724	down
ENSSSCG00000010184	27.175631521843	-1.07418475032837	0.512680833008589	-2.09523095299794	0.0361504669715699	0.0895616316234079	down
ENSSSCG00000010478	35.1890882240915	-1.0692204192934	0.44191728695559	-2.41950349274489	0.0155417114762719	0.0446831960287865	down
ENSSSCG00000010546	193.08467327625	-1.60718383846771	0.49214306827213	-3.26568419242475	0.00109199960457203	0.00461130527829244	down
ENSSSCG00000010554	2165.47728556582	-1.65138489625893	0.115500314687897	-14.2976657745156	2.26272525404053e-46	3.54264071295651e-44	down
ENSSSCG00000010594	534.742539396448	-1.0105581561756	0.158764612879302	-6.36513476050145	1.9511834751328e-10	2.87959495653821e-09	down
ENSSSCG00000010721	15.4704502296915	-1.29043424429814	0.632225253808012	-2.04109885918921	0.0412410017661494	0.099955475254857	down
ENSSSCG00000010853	218.953870198953	-1.41841963721039	0.198874164523606	-7.13224686880847	9.87435629408906e-13	2.00658266325766e-11	down
ENSSSCG00000010896	1614.11758096615	-1.12956339338814	0.101674412245559	-11.1096132098612	1.12646380500262e-28	8.40703867733562e-27	down
ENSSSCG00000010968	94.6324277536667	-1.49138349977968	0.259728311216429	-5.74209062075224	9.3514751080873e-09	1.09333317740982e-07	down
ENSSSCG00000011014	26.6377648833221	-1.18291428255989	0.593037972596354	-1.99466870119805	0.0460790251781976	0.109507058021244	down
ENSSSCG00000011042	200.897377489378	-1.15793055430882	0.20236309580616	-5.72204407970703	1.05249990325685e-08	1.21671016103625e-07	down
ENSSSCG00000011087	28.1177471380453	-1.18388820383361	0.443900757019995	-2.66701100439954	0.00765291660146168	0.0246771011254654	down
ENSSSCG00000011147	13.9332086612457	-2.5544213345678	0.704445055595096	-3.62614701356643	0.000287681612323988	0.00142271287319862	down
ENSSSCG00000011171	775.786318387345	-1.18898943224415	0.119755277625938	-9.92849297179223	3.12949433383156e-23	1.62148332318381e-21	down
ENSSSCG00000011353	46.4832087109864	-1.29715528109473	0.372173223056792	-3.48535359540573	0.000491487095911082	0.0023059870128675	down
ENSSSCG00000011361	62.0927019589816	-1.35763473982366	0.311307512483861	-4.36107284720297	1.294262635611e-05	8.79365990723628e-05	down
ENSSSCG00000011369	163.227927011824	-2.61534109045473	0.24820080388491	-10.5371983068494	5.82071577116788e-26	3.62950605921654e-24	down
ENSSSCG00000011386	35.2463953246747	-1.29643572453779	0.450004844137528	-2.88093726418105	0.00396494551553832	0.0141364047539143	down
ENSSSCG00000011398	39.7755944825114	-1.65304031649934	0.38790308049989	-4.26147767212642	2.03079646472513e-05	0.000131526943695597	down
ENSSSCG00000011443	5.98595370602393	-2.36872938894518	1.07595596388139	-2.20151146372224	0.0276998360434911	0.0719286890878756	down
ENSSSCG00000011504	359.195224046543	-1.06905235802813	0.163881741008524	-6.52331584622673	6.87698336370178e-11	1.09212864796869e-09	down
ENSSSCG00000011570	64.4732543011269	-1.13528714784683	0.433705746693264	-2.61764377461605	0.00885391806096298	0.0278210810973191	down
ENSSSCG00000011623	151.154162898375	-1.13284145573796	0.249070039051363	-4.54828473168685	5.40849281863057e-06	3.94850129546653e-05	down
ENSSSCG00000011689	2299.11472230881	-1.00198624055135	0.143488603217191	-6.98303710598323	2.88866075668419e-12	5.46757812605507e-11	down
ENSSSCG00000011700	191.498414076546	-1.61892816729873	0.282161379808265	-5.73759657823769	9.60295215679702e-09	1.12182419194245e-07	down
ENSSSCG00000011782	422.409987362797	-1.04072281425509	0.142099752688466	-7.32388899041034	2.40885976696158e-13	5.36278455692652e-12	down
ENSSSCG00000011874	119.122213484532	-1.7932963859563	0.290405687319439	-6.17514210038084	6.6103988809969e-10	9.1028858013269e-09	down
ENSSSCG00000011904	18.7301811284615	-1.40828174331441	0.570799545547946	-2.46720894278659	0.0136170873880438	0.039950907696775	down
ENSSSCG00000011946	39.5927824494278	-1.51911600763261	0.414156740857105	-3.66797363840745	0.000244480383231247	0.00124039994366428	down
ENSSSCG00000011950	232.063518535633	-1.18947655802669	0.194915436539042	-6.10252619878277	1.04404989847347e-09	1.40678154701701e-08	down
ENSSSCG00000011951	1190.62133196105	-1.25087091551329	0.354979403526981	-3.52378448745185	0.000425430123238854	0.00202107371211493	down
ENSSSCG00000012022	3465.99091563802	-1.05250576270186	0.0940677650115558	-11.1888037583604	4.62632873053717e-29	3.52580100712473e-27	down
ENSSSCG00000012136	57.8767553785047	-1.01940507372756	0.349527019654454	-2.91652723939727	0.00353951815076592	0.0128518324788587	down
ENSSSCG00000012551	258.563051683139	-1.1476580324761	0.20832847833211	-5.50888693501877	3.61109744444389e-08	3.8386898590236e-07	down
ENSSSCG00000012790	46.0046822064216	-1.16822523331693	0.347269939680954	-3.36402636631955	0.000768142044384494	0.00339708873420763	down
ENSSSCG00000012816	68.4818532658775	-1.74090446699854	0.318984248341276	-5.45765026345746	4.82476799204909e-08	5.03959087436368e-07	down
ENSSSCG00000012880	1794.57031194809	-1.30184721243382	0.110922637755913	-11.736533125894	8.28119922166067e-32	7.01661138757649e-30	down
ENSSSCG00000012890	183.824021822272	-1.07216960847851	0.199005022432612	-5.38765100183125	7.13844947715244e-08	7.2923564729719e-07	down
ENSSSCG00000012917	28.3282317386468	-1.34745047628786	0.483076566042423	-2.78931037232208	0.00528204183794714	0.018037584313369	down
ENSSSCG00000012933	21.0939651132413	-1.21855973184555	0.510091424022974	-2.38890456584243	0.0168986913504447	0.0478235361701933	down
ENSSSCG00000012944	16.0011221441435	-1.37755202887243	0.602258209313143	-2.28731133518875	0.0221776573391157	0.0600013103517323	down
ENSSSCG00000013032	59.3817672870048	-1.03821307021691	0.323603657680132	-3.20828595591196	0.00133528661104987	0.00549943083546083	down
ENSSSCG00000013042	4.18682685553007	-3.28914975398517	1.42530617862322	-2.30767943289373	0.0210169728353194	0.0572806956896765	down
ENSSSCG00000013106	59.4770210731001	-1.5223589401315	0.318396745979508	-4.78132694305071	1.74141877814327e-06	1.4052322734104e-05	down
ENSSSCG00000013147	253.374534703823	-1.41532265338289	0.195802650403197	-7.22831202983439	4.8903409729942e-13	1.0389450055311e-11	down
ENSSSCG00000013148	9.36579400680145	-1.528263554048	0.77700621029107	-1.96686144049673	0.049199186979231	0.115267581205082	down
ENSSSCG00000013181	138.748592759656	-1.00431102328664	0.256654139000941	-3.91309108513134	9.11221436098693e-05	0.000509124653435437	down
ENSSSCG00000013263	70.9465619559852	-1.52623497533861	0.300172769825646	-5.08452174467765	3.6855354577528e-07	3.33667207627098e-06	down
ENSSSCG00000013297	2053.33362205364	-1.00910499012471	0.512144281606222	-1.97035293835536	0.0487979352099981	0.114607118663756	down
ENSSSCG00000013401	4.44948219281701	-3.32425147408319	1.39800674059751	-2.3778508197052	0.0174138693797693	0.049038000888797	down
ENSSSCG00000013433	62.2863918643791	-1.0099613349043	0.305133680817232	-3.30989791818244	0.000933300022396322	0.00402975225497501	down
ENSSSCG00000013440	11.1096321916976	-2.78337412994666	0.838553627912425	-3.31925596324216	0.00090257655955306	0.00391116509139659	down
ENSSSCG00000013494	16.3830252272957	-1.61751217710008	0.610141614702893	-2.65104385297129	0.00802434219336525	0.0256622169079114	down
ENSSSCG00000013507	8.5159280661918	-1.78360476046486	0.880872435644988	-2.02481618028935	0.0428862429926145	0.103196365530508	down
ENSSSCG00000013545	20.8575309620614	-1.56480332663346	0.556324198770406	-2.81275437971601	0.00491191549321791	0.016946402578278	down
ENSSSCG00000013570	256.516844737755	-1.0966945686516	0.186599742041757	-5.87725661703317	4.17121331518981e-09	5.08739683251431e-08	down
ENSSSCG00000013586	23.8575867512162	-1.15112777217153	0.514366007336123	-2.23795459994171	0.0252240159007606	0.0666287777433624	down
ENSSSCG00000013595	185.465732655695	-1.35939731408433	0.201052206005309	-6.7614145653713	1.36650889763969e-11	2.39454916807811e-10	down
ENSSSCG00000013599	233.302885450322	-1.15161601655806	0.211651604563331	-5.44109277571512	5.29547253770069e-08	5.49143170864224e-07	down
ENSSSCG00000013639	119.63224289462	-1.08995438071024	0.288048117149526	-3.78393162745251	0.0001543702476003	0.00081898675743452	down
ENSSSCG00000013665	2.458905878478	-4.46992571594929	1.7824804960228	-2.50769964996695	0.0121519910307027	0.0363582108672902	down
ENSSSCG00000013752	35.5613091019069	-1.14725428079212	0.405743760115512	-2.82753400931048	0.00469080325786017	0.0163203695957048	down
ENSSSCG00000013768	25.9030579629095	-1.46961799956056	0.469714268672375	-3.12874889603496	0.00175552260755627	0.00698716431037319	down
ENSSSCG00000013886	250.24004569039	-1.08074071427869	0.172651625100606	-6.25966140572919	3.85814232171057e-10	5.45364887163091e-09	down
ENSSSCG00000013901	315.012126391828	-1.10036907610967	0.168706068002846	-6.52240366417117	6.9189502435115e-11	1.09637578996193e-09	down
ENSSSCG00000013931	21.3356164325212	-1.16185502760227	0.581933183332972	-1.99654369415377	0.0458747746708728	0.109111666836072	down
ENSSSCG00000014004	105.617083841149	-1.01855685120263	0.293255504677543	-3.47327444824133	0.00051414931091553	0.00239903034480962	down
ENSSSCG00000014066	4.15136399948232	-2.6663669216459	1.34889971044507	-1.97669767514898	0.0480758137647559	0.113336173726276	down
ENSSSCG00000014079	65.8172349669889	-1.06623299210709	0.295123475004096	-3.6128369391567	0.000302865174180989	0.00148838961750357	down
ENSSSCG00000014232	499.488994430759	-1.00218495474952	0.161498795700835	-6.20552587033526	5.45143022416492e-10	7.58670540568807e-09	down
ENSSSCG00000014316	151.527945190226	-1.14264150938978	0.28188612426499	-4.05355713187083	5.04446730835527e-05	0.000299260737683481	down
ENSSSCG00000014335	144.374407392821	-1.03876748748268	0.213298907464539	-4.87000847697906	1.11593461097627e-06	9.32903200029144e-06	down
ENSSSCG00000014349	28.211724517671	-1.85662587432105	0.495390647347722	-3.74780162738489	0.000178391250273252	0.000933701878247064	down
ENSSSCG00000014369	48.8428626420466	-1.5652086640119	0.392271498143661	-3.99011570154576	6.60410717232757e-05	0.000382337458642308	down
ENSSSCG00000014565	22.3270312655713	-1.74556059341637	0.542501718114314	-3.21761302339056	0.00129262087504255	0.00535487807998644	down
ENSSSCG00000014838	22.7016232895216	-1.01844282629389	0.493061697679401	-2.06554845182094	0.0388711360658899	0.0950867418210947	down
ENSSSCG00000014840	41.8591314000535	-1.2501990220406	0.4169525330654	-2.99842049848995	0.00271382950244921	0.0101849922233659	down
ENSSSCG00000014853	303.747623470787	-1.23295552434366	0.161044294491656	-7.65600251927921	1.91809963127703e-14	4.87271729963217e-13	down
ENSSSCG00000014869	5.7477375931328	-2.60474421988975	1.13547854916026	-2.29396162685423	0.0217927030022754	0.0590707741898333	down
ENSSSCG00000014871	346.823935418265	-1.24756199181536	0.172997570310106	-7.21144227389466	5.53623174883107e-13	1.16755317877251e-11	down
ENSSSCG00000014880	31.054496900337	-1.03793576815368	0.441823590164958	-2.34920857839701	0.0188133646957426	0.0522738628621675	down
ENSSSCG00000014892	27.5862142558959	-2.33232992792241	0.498203123059385	-4.68148395698514	2.84805689165496e-06	2.18674901212143e-05	down
ENSSSCG00000014908	166.351379667097	-1.72431590219911	0.218531504254596	-7.8904682786159	3.0105473400381e-15	8.33921613190553e-14	down
ENSSSCG00000014997	31.4853097862289	-1.35699655962789	0.596512163535583	-2.27488497734035	0.022912830761889	0.061608440226666	down
ENSSSCG00000015110	377.064970154385	-1.08465443926446	0.169400987190175	-6.40288145456195	1.5247157844874e-10	2.28770897497463e-09	down
ENSSSCG00000015241	205.385134212773	-1.33314002111942	0.203216670073551	-6.56019026705296	5.37391654944503e-11	8.72670732561514e-10	down
ENSSSCG00000015311	1234.10552505738	-1.05742943171484	0.129482372685216	-8.16658985918924	3.17229125298653e-16	9.61972278063535e-15	down
ENSSSCG00000015413	239.004714939876	-1.35736026314473	0.239142508361268	-5.67594725189633	1.37923277515519e-08	1.56552158339916e-07	down
ENSSSCG00000015657	300.910888937352	-1.34971452680316	0.467577852476672	-2.8866091917185	0.00389417597202626	0.0139219932243897	down
ENSSSCG00000015794	25.6553112413145	-1.21205406155028	0.479170057380897	-2.52948622911721	0.0114229656516444	0.0346417499100581	down
ENSSSCG00000015798	39.8540943739728	-1.03258416254096	0.380920603543723	-2.71075954656896	0.00671292876279555	0.0221772995181897	down
ENSSSCG00000015828	20.3835695356557	-1.08652827551954	0.51215535357826	-2.12148182759064	0.0338812756225751	0.0848538316339776	down
ENSSSCG00000015850	22.9391976028575	-1.34465248342777	0.507147370321749	-2.65140383666917	0.00801579354239693	0.0256462661449768	down
ENSSSCG00000015965	328.835181195931	-1.11107806400067	0.166954482737559	-6.65497592985989	2.83346420582889e-11	4.7790653888477e-10	down
ENSSSCG00000015984	21.848771526128	-1.73679772626084	0.53641559979113	-3.23778377611896	0.00120462070318614	0.00503375590620632	down
ENSSSCG00000015985	123.172610807779	-1.0955688831128	0.237268079488576	-4.61743056830174	3.88520610296563e-06	2.90261974621976e-05	down
ENSSSCG00000016052	641.704124615133	-1.06236660075526	0.154705618610168	-6.86702015285071	6.55568119441968e-12	1.19984792788337e-10	down
ENSSSCG00000016117	33.9689938242888	-1.63029806953502	0.461415559515858	-3.53325334595482	0.000410478913862235	0.00195688161727216	down
ENSSSCG00000016420	415.883276929824	-1.54147596932196	0.150570157495338	-10.2375928601236	1.34542089111817e-24	7.62970177782131e-23	down
ENSSSCG00000016435	15.5612712207348	-1.70643482920545	0.693670130320963	-2.4600090945474	0.0138933495080347	0.040600488195117	down
ENSSSCG00000016491	173.52685824713	-1.11640379825041	0.200691369987855	-5.56278926352424	2.65496432739246e-08	2.88402007328514e-07	down
ENSSSCG00000016608	95.8750546337353	-1.40091288570953	0.31888359726357	-4.39317951042686	1.11704816274812e-05	7.69486453191004e-05	down
ENSSSCG00000016650	98.6575036353009	-1.07790418043284	0.248280164692481	-4.34148326656674	1.41524058628161e-05	9.52131032452137e-05	down
ENSSSCG00000016782	5.47556088997476	-2.17254348008875	1.07440285739683	-2.02209391489576	0.0431666505525248	0.103715168400095	down
ENSSSCG00000016873	4.01414560097213	-2.58848353746908	1.31650688201599	-1.96617546997195	0.0492783449864398	0.115396729179756	down
ENSSSCG00000017199	52.7302346280892	-1.05190126243061	0.338603193591275	-3.1065899032847	0.00189258750002809	0.00746809522815737	down
ENSSSCG00000017215	103.318926756511	-1.15240489030622	0.244379469520632	-4.71563708918245	2.4095558931107e-06	1.88013234476525e-05	down
ENSSSCG00000017258	139.527643339329	-1.24565857614443	0.240079957084941	-5.18851548987789	2.11977131994869e-07	1.9852526718167e-06	down
ENSSSCG00000017298	23.1114918210386	-1.27899203835741	0.555490976653001	-2.30245331087773	0.0213096215197213	0.057979559571225	down
ENSSSCG00000017300	4.39112185503043	-2.593537900401	1.30514348966103	-1.98716686781664	0.0469039081345553	0.111100788154931	down
ENSSSCG00000017306	808.959641744074	-1.10836054717141	0.415094678179818	-2.67013914038009	0.00758198207724782	0.0244648005915496	down
ENSSSCG00000017337	35.4205126860573	-1.29330101241152	0.413223476536397	-3.12978590483738	0.00174933748076057	0.00696447127497933	down
ENSSSCG00000017376	73.1781992162693	-1.20795862286622	0.332332851573507	-3.63478547831447	0.000278212036710893	0.00138328138653217	down
ENSSSCG00000017402	40.3524530936158	-1.0624431570717	0.384595231550627	-2.76249695761462	0.00573610963582398	0.0193632348709652	down
ENSSSCG00000017472	44.3796692732102	-1.72591428266544	0.437068676974243	-3.94884001895004	7.85308108170662e-05	0.000446568416505733	down
ENSSSCG00000017508	6.85223171814178	-2.58645462322743	1.02514481953548	-2.52301389417295	0.0116353803661993	0.0351796848855447	down
ENSSSCG00000017535	53.5139548684935	-1.60525537878575	0.434630286332636	-3.69338131571715	0.000221291814494115	0.00113514504842352	down
ENSSSCG00000017539	367.014590849513	-2.19938552614098	0.166807889325247	-13.185140912925	1.06854149467838e-39	1.29338417557541e-37	down
ENSSSCG00000017540	43.0725348842614	-1.72459705601293	0.405457502446443	-4.2534594762881	2.10493045221687e-05	0.00013571807624768	down
ENSSSCG00000017669	85.529648241727	-1.27690276217244	0.282473506497258	-4.52043371432015	6.1713066504115e-06	4.45571433546503e-05	down
ENSSSCG00000017754	195.244907477048	-1.46565407666411	0.224418099025027	-6.53090852757228	6.53719170795515e-11	1.04046087692139e-09	down
ENSSSCG00000017778	87.7582896339563	-1.27542181046449	0.34837852340756	-3.66102306763727	0.000251210137537618	0.00126740133838594	down
ENSSSCG00000017788	71.2032866088622	-1.32842862682565	0.304545063076273	-4.36201005331334	1.28872946605348e-05	8.76019784286662e-05	down
ENSSSCG00000017791	60.8701081418351	-1.03038847779323	0.332152767986794	-3.10215231394426	0.00192119080617836	0.00756501705090023	down
ENSSSCG00000017792	53.6414229002952	-1.16363389679258	0.327841568518887	-3.5493787503812	0.000386141246960084	0.00185214069970465	down
ENSSSCG00000017801	6.50075843276242	-1.96907927960467	0.999039270377006	-1.97097285160933	0.0487269811854306	0.114515163484246	down
ENSSSCG00000017865	154.786695998026	-1.11668669957551	0.246117330907457	-4.53721278163625	5.70025856957219e-06	4.14260970918859e-05	down
ENSSSCG00000017918	66.0777166306959	-1.05766341181437	0.345103844333453	-3.06476855932214	0.00217838498624424	0.00839867701869968	down
ENSSSCG00000017925	25.5646820830171	-1.12608573524687	0.48018318545112	-2.34511696653631	0.0190211113900818	0.0527899977770209	down
ENSSSCG00000017926	32.6225692200731	-1.07763273206394	0.418175237693707	-2.57698838890421	0.00996652984394402	0.030714141179326	down
ENSSSCG00000017929	208.428248898128	-1.25349593297518	0.238022541267443	-5.26629085758204	1.3920767075362e-07	1.35391444263008e-06	down
ENSSSCG00000017952	38.2488141412998	-1.16651135761425	0.415700739946659	-2.80613250234756	0.00501400696729419	0.0172490461802975	down
ENSSSCG00000018050	34.5463245907129	-1.46923923506174	0.451909602263126	-3.2511795007318	0.00114927272112251	0.00482346278410509	down
ENSSSCG00000018061	565.446809104195	-3.04878395358512	1.33479907235803	-2.28407706951668	0.0223670019478933	0.060411456226787	down
ENSSSCG00000018065	12903.3720352381	-1.10396208109553	0.129843947940189	-8.50222207972333	1.85995552928183e-17	6.31858477447534e-16	down
ENSSSCG00000018084	3574.03082191241	-1.18451301701074	0.140394876700549	-8.43701027308293	3.25557858541045e-17	1.07800813664948e-15	down
ENSSSCG00000018086	2523.64453473105	-1.04237651320321	0.276318945239763	-3.77236715455302	0.0001617060676274	0.000853817521299515	down
ENSSSCG00000018092	5016.42538276767	-1.02936900483374	0.151012219066904	-6.81646168233375	9.33100996730346e-12	1.68425899209322e-10	down
ENSSSCG00000020725	1555.517513381	-1.55422250316664	0.125625948485861	-12.3718270142379	3.71278890561113e-35	3.81992938545877e-33	down
ENSSSCG00000020846	27.4997002152496	-1.70378072844998	0.480404776751729	-3.54655243016139	0.000390307068306797	0.00186963186295015	down
ENSSSCG00000020876	14.4593779585578	-1.27841256214289	0.650882331041881	-1.96412239382272	0.0495158998249283	0.115764814328562	down
ENSSSCG00000021041	52.3056856572748	-1.38324486871343	0.335074351402896	-4.12817293511735	3.65657074864567e-05	0.000224219859784982	down
ENSSSCG00000021059	93.3053854192299	-1.03679198776623	0.248749256736927	-4.16802044503284	3.07256381149511e-05	0.000190189983415452	down
ENSSSCG00000021250	703.99472205481	-1.17317909612484	0.121560146370768	-9.65101746872333	4.86704000715211e-22	2.32030812428262e-20	down
ENSSSCG00000021259	11.4699479599157	-1.45003459817081	0.738122052834647	-1.96449163468586	0.0494731054435745	0.115702323560521	down
ENSSSCG00000021464	1399.48297003837	-1.03843064309393	0.108909518118254	-9.53480155854148	1.50172498412137e-21	6.97769247460781e-20	down
ENSSSCG00000021579	57.7247834710171	-1.70791183059776	0.381928021157914	-4.47181598621589	7.75581524568325e-06	5.47889959778429e-05	down
ENSSSCG00000021588	19.249518157475	-1.32643403487537	0.566235024771139	-2.34255031364669	0.019152451440685	0.0530624948166236	down
ENSSSCG00000021598	12.5347301137479	-2.25022771656794	0.801273826796173	-2.80831301524634	0.00498017941576405	0.0171531574138368	down
ENSSSCG00000021811	4.48923285141984	-2.76099035782022	1.29950707671721	-2.12464434191077	0.0336163009253644	0.0842835854706614	down
ENSSSCG00000021906	116.676603924341	-1.20926497709746	0.242398499124397	-4.98874779120177	6.07719249994569e-07	5.32845549328169e-06	down
ENSSSCG00000021944	4.71217223993259	-4.38603224122517	1.50487304180396	-2.91455300173857	0.00356198319193988	0.0129214705864261	down
ENSSSCG00000021968	1432.90494610863	-1.30336125243593	0.153361172302135	-8.49863908100673	1.91826318488241e-17	6.48607110681835e-16	down
ENSSSCG00000022099	113.784082029664	-1.10471187886984	0.236172019693375	-4.67757306857984	2.90290148083526e-06	2.2229342333839e-05	down
ENSSSCG00000022128	43.0080481649044	-1.39576882699362	0.430600651009016	-3.24144616066638	0.00118924895775256	0.00497963429868253	down
ENSSSCG00000022208	664.272405329625	-1.12240738091105	0.178944998619641	-6.27235960529301	3.55617070733499e-10	5.06657595138013e-09	down
ENSSSCG00000022230	866.380437809892	-1.31340006344631	0.167679861966649	-7.83278354384345	4.7718544937515e-15	1.2847437780934e-13	down
ENSSSCG00000022246	84.1523561118924	-1.02356787447799	0.262755337948207	-3.89551695684198	9.79895060397229e-05	0.0005432797709762	down
ENSSSCG00000022295	43.7572350280195	-1.12131300122337	0.361229447730365	-3.10415722823449	0.00190821895239285	0.00752010555137254	down
ENSSSCG00000022643	22.9991304517071	-1.42543241222248	0.523747415672746	-2.7216027603526	0.00649661832948145	0.021551656015166	down
ENSSSCG00000022794	186.008172637517	-1.31769392012125	0.237647082965919	-5.54475108078738	2.94372642969485e-08	3.17225588408403e-07	down
ENSSSCG00000023255	45.8481531917208	-1.16075838634782	0.35071531342807	-3.30968834808488	0.000933999026721909	0.00403156187620689	down
ENSSSCG00000023258	42.1213637423157	-1.00909943388613	0.401675426939266	-2.51222595710021	0.0119972244241916	0.0360166779087236	down
ENSSSCG00000023267	7.70406358314908	-2.42149876500108	0.928931263506722	-2.60675774422739	0.00914040032514975	0.0285283480570871	down
ENSSSCG00000023377	119.247492532656	-1.41608226488806	0.236952892683319	-5.97621851690419	2.28376623328505e-09	2.92924032272822e-08	down
ENSSSCG00000023379	18.1921149496018	-2.38893268500028	0.614524553516447	-3.88744871353027	0.000101303382822464	0.000558214967932202	down
ENSSSCG00000023520	59.5952760807233	-1.10601399738555	0.325568537823845	-3.39717714978952	0.000680848753707744	0.00305702788291968	down
ENSSSCG00000023539	62.672067705509	-1.02242903335237	0.311681766499046	-3.28036203348295	0.00103673957208157	0.00441418764299819	down
ENSSSCG00000023639	14.1987693703799	-2.11695144018513	0.721333127554534	-2.93477640124754	0.00333788122446111	0.0122213627750732	down
ENSSSCG00000023710	16.5129476363641	-1.77526296319169	0.655439824466488	-2.70850640581187	0.00675868073824153	0.022297763938074	down
ENSSSCG00000023912	81.9787197087036	-1.22755168357928	0.297483034234887	-4.12645946931558	3.68390893961956e-05	0.000225512215751297	down
ENSSSCG00000023920	1616.67976132437	-1.20942335275058	0.125364242769241	-9.64727522007031	5.04791543044266e-22	2.39178203487158e-20	down
ENSSSCG00000024018	749.819966998747	-1.04265408042989	0.174203716381106	-5.98525738767176	2.16047936929547e-09	2.77853078886893e-08	down
ENSSSCG00000024162	43.0706466576514	-1.5344994747018	0.374962928854202	-4.09240315940263	4.2692555654912e-05	0.000257729912679527	down
ENSSSCG00000024254	24.4345121556435	-1.34584963475628	0.484508657037979	-2.77776179064389	0.00547347285086607	0.0185811696780285	down
ENSSSCG00000024261	84.1480816775694	-1.04802370682616	0.293324134678395	-3.57292013483728	0.000353022453780382	0.00171267612807431	down
ENSSSCG00000024290	78.2353235044972	-1.14299545787707	0.287718536932735	-3.97261667622163	7.10873965544956e-05	0.000408107955349125	down
ENSSSCG00000024313	357.771363722682	-1.3168914995567	0.161157264278516	-8.17146844389725	3.04658198538988e-16	9.27076076255744e-15	down
ENSSSCG00000024388	393.776107598704	-1.2443326696293	0.173710042563173	-7.16327421989306	7.87725529427038e-13	1.62091407512387e-11	down
ENSSSCG00000024476	22.3371909835612	-1.2003124175965	0.524290359818077	-2.28940394405306	0.0220558931980118	0.0597055225754863	down
ENSSSCG00000024669	36.7693354466502	-1.01575744440889	0.460179871510838	-2.20730524582488	0.0272927410659492	0.0710637458991201	down
ENSSSCG00000024759	5.07921153353907	-2.31951917587998	1.17505573909191	-1.97396523306419	0.0483856963282314	0.113917549838484	down
ENSSSCG00000024914	21.7044981904595	-1.70452983267398	0.603464276527536	-2.82457454231129	0.00473434344157947	0.0164242460510846	down
ENSSSCG00000025023	57.2768931013798	-1.0265361336319	0.332433479206727	-3.08794449969805	0.00201546107683649	0.00788235171076646	down
ENSSSCG00000025126	2.13530533401906	-4.25949732169661	1.89789504707438	-2.24432711822641	0.0248113619771343	0.0657074568704986	down
ENSSSCG00000025240	68.4329179824908	-2.22147265279839	0.367774177682637	-6.04031709565907	1.53811650791893e-09	2.03070854079415e-08	down
ENSSSCG00000025499	85.4327749854326	-1.06516934008805	0.268770713441754	-3.96311535006169	7.3978014843007e-05	0.000422681208170834	down
ENSSSCG00000025568	63.2058529294875	-1.07546483433293	0.303993726681742	-3.53778627629002	0.000403496517278594	0.00192960286682632	down
ENSSSCG00000025631	457.355014202755	-1.02643155624598	0.149397350380895	-6.87048032397526	6.39860893860073e-12	1.17258986197971e-10	down
ENSSSCG00000025748	1.78743699166373	-4.0085368356125	1.95087117691323	-2.05474194454757	0.0399039363051423	NA	down
ENSSSCG00000025924	149.318804145816	-1.34609701751702	0.244252840374745	-5.51108030290159	3.5663795500038e-08	3.7967576524948e-07	down
ENSSSCG00000026044	435.046932462043	-1.03211972590457	0.145505215320123	-7.09335210860879	1.30901834172987e-12	2.61876391587182e-11	down
ENSSSCG00000026583	21.6017857787445	-2.42292708845343	0.599809787386017	-4.03949241810908	5.35669994551377e-05	0.000315703379767514	down
ENSSSCG00000026585	27.6208717214167	-1.95609255546147	0.473031844639952	-4.13522382821889	3.54608838163308e-05	0.000217630409241768	down
ENSSSCG00000026592	38.2996446125908	-2.61229889463796	0.457380057600302	-5.71144030271825	1.12023994267328e-08	1.28778420864053e-07	down
ENSSSCG00000026746	117.004072550916	-1.29502791128851	0.234386207956314	-5.52518820360747	3.29132601239285e-08	3.51432615882184e-07	down
ENSSSCG00000026945	13.9633168243253	-1.57555084160397	0.652808445714322	-2.41349641222848	0.0158002834418493	0.045201049194915	down
ENSSSCG00000026991	25.5684903538392	-1.27356962868924	0.482855484129617	-2.63757929763383	0.00835001005739132	0.0265270279811788	down
ENSSSCG00000027013	51.1553816946686	-1.24256081923839	0.348333548549937	-3.56715804266054	0.000360873849077682	0.00174547579654632	down
ENSSSCG00000027169	21.255888303629	-1.33901147928838	0.511790373953389	-2.61632798785374	0.00888811347634766	0.0279102652089191	down
ENSSSCG00000027252	7.3647711699381	-2.75323657324962	1.01767590306129	-2.7054159039902	0.00682189187985771	0.0224548744601167	down
ENSSSCG00000027371	204.868356307877	-1.0275248812301	0.182564394510927	-5.62828739953778	1.8200765158631e-08	2.02599552816786e-07	down
ENSSSCG00000027426	38.5423142056823	-1.03894405847338	0.481094656060554	-2.15954188096948	0.0308081518140396	0.0781819271898215	down
ENSSSCG00000027466	22.2023777502656	-1.11138374959693	0.555089438084402	-2.00217059332327	0.0452663872357663	0.107931971816583	down
ENSSSCG00000027477	55.7286576639482	-1.09540976539926	0.343441459795259	-3.18950940300651	0.00142514502699533	0.00582018400023837	down
ENSSSCG00000027550	46.5713982387798	-1.33377721824585	0.376045604162367	-3.5468496466454	0.000389867021712808	0.00186814523644421	down
ENSSSCG00000027659	644.500656527762	-1.33606928563762	0.169034052269581	-7.90414279074854	2.69783633899752e-15	7.51637033402714e-14	down
ENSSSCG00000027711	29.0567336210244	-1.17857156916691	0.437862031876315	-2.69165052771652	0.00710994048652934	0.0232088817162315	down
ENSSSCG00000027860	7.87813413935891	-2.21911735559811	0.8883651775469	-2.49797877233989	0.0124903673002276	0.0372409957757147	down
ENSSSCG00000027946	629.281637565321	-1.20601910359141	0.130110814200671	-9.26916883120383	1.87602091362696e-20	8.09048061074331e-19	down
ENSSSCG00000027970	25.4650328773224	-1.90195165728867	0.497883119368693	-3.82007660693599	0.000133410231629563	0.000717565711871631	down
ENSSSCG00000028108	4.75153023087166	-2.39630204744006	1.19238101475054	-2.00967812955441	0.0444652661512141	0.10630335164184	down
ENSSSCG00000028115	3.62413344304405	-2.98323549951266	1.47107471053405	-2.02792929424343	0.0425674648311877	0.102617868356222	down
ENSSSCG00000028172	1.87585630916691	-4.08300633817498	1.93000410894868	-2.11554282151197	0.0343837092821847	NA	down
ENSSSCG00000028506	214.104443908928	-1.10799867525971	0.18735729818693	-5.91382714194693	3.34248668237015e-09	4.16480780042038e-08	down
ENSSSCG00000028725	18.1020740578842	-1.49680846562797	0.591799273229343	-2.5292502599068	0.011430649020729	0.0346552448946707	down
ENSSSCG00000028814	824.609621967156	-1.44576226413966	0.133207647835086	-10.8534478885893	1.92041575897324e-27	1.34279944622576e-25	down
ENSSSCG00000028877	178.768921811522	-1.33893927990251	0.208507758875442	-6.4215321632341	1.34909500673483e-10	2.03907287271862e-09	down
ENSSSCG00000028896	195.498174923029	-1.03134656500415	0.238776916903461	-4.3192892276984	1.56532526083637e-05	0.000104142933289086	down
ENSSSCG00000029662	32.6877030046774	-1.22732174672755	0.432158122883064	-2.83998305652499	0.00451159300702773	0.0157692272927026	down
ENSSSCG00000029752	88.2623422970111	-1.09399230650284	0.273760047514491	-3.99617225535779	6.43749005013986e-05	0.000373441831180888	down
ENSSSCG00000029763	26.8046680007787	-1.26247615922602	0.487605144169603	-2.58913625978255	0.00962170132898689	0.0298173377673681	down
ENSSSCG00000029781	38.9369732697979	-1.60125809015808	0.39446564787777	-4.05930934359651	4.92180752405574e-05	0.000292949237919417	down
ENSSSCG00000029838	33.4055929775079	-1.56036899019912	0.456760724896094	-3.41616278534911	0.000635102690581803	0.00288126587563474	down
ENSSSCG00000029882	21.3375620055945	-1.79792232434857	0.611721850617822	-2.93911738240627	0.00329148390037238	0.0120821952347003	down
ENSSSCG00000030269	302.43212982415	-1.09056177435647	0.176650029348241	-6.17357256254159	6.67638869293501e-10	9.184976383289e-09	down
ENSSSCG00000030278	46.4348769614844	-2.03662380767393	0.371822799668107	-5.47740431595868	4.3161025786463e-08	4.55118166492103e-07	down
ENSSSCG00000030337	52.3897806926949	-2.0728140915303	0.370829825723363	-5.58966390442555	2.2750953083599e-08	2.49394770331933e-07	down
ENSSSCG00000030378	10.3522606329863	-1.97264241096301	0.795484167751067	-2.47980097019393	0.0131455736571376	0.0387771539949642	down
ENSSSCG00000030408	51.0680016254565	-1.1524586890907	0.332911272222348	-3.46175928918677	0.000536656900316402	0.00249435495068004	down
ENSSSCG00000030585	15.3950673287917	-1.89099567785054	0.72327932680724	-2.61447494455279	0.00893647147605181	0.028049887805851	down
ENSSSCG00000030849	150.612492659463	-1.18443953796505	0.303205762998512	-3.90638860637642	9.36858018986326e-05	0.000522637602845819	down
ENSSSCG00000030908	7.3883941476611	-2.30655108188848	0.963180674940106	-2.39472317281688	0.0166329177886872	0.0472079897198522	down
ENSSSCG00000031115	86.4744772270787	-1.33041680721029	0.299907580582349	-4.43608929333143	9.16078610143431e-06	6.39922226018719e-05	down
ENSSSCG00000031170	346.16600338286	-1.0493983411085	0.185248959735502	-5.66480018353046	1.47195963343868e-08	1.66030591699693e-07	down
ENSSSCG00000031228	21.9961901244622	-1.366551365453	0.582847588472034	-2.34461185476548	0.0190468964145434	0.052820850203135	down
ENSSSCG00000031236	47.9411798607149	-1.01103418355271	0.372601787617721	-2.71344426449721	0.0066587768590446	0.0220388377476283	down
ENSSSCG00000031290	694.683344092444	-1.00335205196979	0.141830565959771	-7.07430055841693	1.50204419375829e-12	2.98008878331878e-11	down
ENSSSCG00000031348	40.4844001143263	-1.264314698834	0.386995930470909	-3.2669974004521	0.00108694678437987	0.00459701913286577	down
ENSSSCG00000031493	34.9102398667677	-1.45939234517041	0.430147123817639	-3.3927748539105	0.000691884808210708	0.00309885223179945	down
ENSSSCG00000031660	15.5476087995004	-1.45118773225082	0.622164788369909	-2.33248129655968	0.0196753857267319	0.0541778352146524	down
ENSSSCG00000031661	12.1173508904713	-2.10322479161052	0.782669550945475	-2.68724494145684	0.00720441005432753	0.0234672823207901	down
ENSSSCG00000031719	547.472624025928	-1.07652458829435	0.142092035064318	-7.57624864621764	3.55689816866198e-14	8.78791787674222e-13	down
ENSSSCG00000031788	35.9912792944231	-1.08868021618359	0.410467363180874	-2.65229422321662	0.00799468425933597	0.0255900960158834	down
ENSSSCG00000031799	23.1307851543849	-1.06467740827442	0.543079022649845	-1.96044657199157	0.0499436169568749	0.116518927542408	down
ENSSSCG00000031818	30.9241786126443	-1.17560652246363	0.427798624949316	-2.74803716959798	0.00599532120825291	0.0201203650241554	down
ENSSSCG00000031944	30.9862625462157	-1.54553156360301	0.506136673499412	-3.05358541383152	0.00226124340408088	0.00869022144940794	down
ENSSSCG00000032022	102.05500874665	-1.22166870707643	0.251531656628455	-4.8569183038499	1.19226755899282e-06	9.93257485236123e-06	down
ENSSSCG00000032054	57.504113381705	-1.30672587827652	0.358692408038457	-3.64302630608345	0.000269451288482731	0.00134856718530412	down
ENSSSCG00000032299	27.4834658344728	-1.11136655659015	0.482769981057806	-2.30206226608169	0.0213316609984694	0.0580285637435227	down
ENSSSCG00000032301	933.431296863793	-2.30338843749994	0.323690237235375	-7.11602690638151	1.11082619151855e-12	2.22845967446145e-11	down
ENSSSCG00000032423	5.64693311868397	-2.58880590599077	1.15539323410932	-2.24062754529323	0.0250502109218503	0.0662304034725279	down
ENSSSCG00000032525	272.815602861599	-1.04183349673945	0.172168974932988	-6.05122669252668	1.43746997225744e-09	1.90656698714514e-08	down
ENSSSCG00000032562	563.327467665355	-1.05675497250909	0.144354352104108	-7.32056191660206	2.469347434927e-13	5.48050546266387e-12	down
ENSSSCG00000032580	177.274512233694	-1.5523260976673	0.218952061282244	-7.08979896593092	1.3430695788516e-12	2.68315869816623e-11	down
ENSSSCG00000032591	2.18812541044233	-4.30142591876141	1.90853641892465	-2.25378246708282	0.0242098563373634	0.0644700999599523	down
ENSSSCG00000032768	594.90369311346	-1.23585684300419	0.151620576198897	-8.15098368563768	3.60975821157506e-16	1.08097624281761e-14	down
ENSSSCG00000032803	48.6223069347336	-1.59907431660503	0.365187483446745	-4.3787763521151	1.19347531612447e-05	8.17831515388054e-05	down
ENSSSCG00000032860	17.9548454289391	-1.92559471767667	0.713601505555631	-2.6984173977847	0.00696700255337244	0.0228333799269116	down
ENSSSCG00000032949	93.6810648904623	-1.18452364548632	0.362675785663773	-3.26606763481159	0.00109052199541867	0.00460776732825185	down
ENSSSCG00000032967	159.426895725062	-1.08592661915443	0.259990554432439	-4.17679258204212	2.95648386874647e-05	0.0001840328160995	down
ENSSSCG00000033015	83.2278271668844	-1.98099175798611	0.734044399720353	-2.6987356061034	0.00696034496465884	0.022832340895228	down
ENSSSCG00000033382	3.20215554526392	-4.85484503160084	1.7480531437089	-2.77728686285828	0.00548147772625589	0.0185995771893969	down
ENSSSCG00000033453	33.0862872262173	-1.93683556365016	0.520314292007381	-3.72243390850907	0.000197311565767389	0.00101976167682579	down
ENSSSCG00000033505	7.95943550335598	-2.23397318159677	0.884658761513607	-2.5252371635076	0.0115620232897002	0.0349872654337903	down
ENSSSCG00000033613	14.3254902054907	-1.57200765890112	0.630727634719333	-2.49237162345146	0.0126893192841899	0.0377170769643977	down
ENSSSCG00000033649	79.3791693549745	-1.2005042523623	0.287064782189703	-4.18199767733598	2.88958922590505e-05	0.000180414578283209	down
ENSSSCG00000033703	122.064771124729	-1.26658162001298	0.225212096640988	-5.62395021805621	1.86639456432234e-08	2.07115156429114e-07	down
ENSSSCG00000033727	284.263044881403	-1.44793798634857	0.172784310275859	-8.3800316361877	5.29134789133179e-17	1.72435690105753e-15	down
ENSSSCG00000033830	7.89895220241013	-1.77411947111108	0.8755207428645	-2.02635915318988	0.0427279935487539	0.102901524674177	down
ENSSSCG00000033997	2.07064250755352	-4.22009576868917	1.87668481800636	-2.24869713241047	0.0245317717555976	0.0651587018933483	down
ENSSSCG00000034056	27.6606751544192	-1.17225752172935	0.46205052075166	-2.53707650804576	0.0111782521794022	0.0339973700152257	down
ENSSSCG00000034069	10.5182195801839	-1.55109391461021	0.783311450738451	-1.9801752076367	0.047683844666587	0.112596409602872	down
ENSSSCG00000034164	4.93339551102029	-2.40150162407043	1.19433944898115	-2.01073624932935	0.0443533230036023	0.106070938825152	down
ENSSSCG00000034441	10.9349739317221	-2.4081659120703	0.837732569925532	-2.87462371468304	0.00404509262267853	0.0143652648266917	down
ENSSSCG00000034613	12.7770225494386	-2.14249049751746	0.783623212833216	-2.73408248049623	0.00625543725892592	0.0208427754516699	down
ENSSSCG00000034630	108.35926142973	-1.24718966348993	0.259140811758619	-4.81278751511996	1.48839516462421e-06	1.2167334819096e-05	down
ENSSSCG00000034696	15.2142331046004	-1.33408552619	0.616641671322854	-2.16346962625482	0.0305050774298333	0.0776728186846948	down
ENSSSCG00000034727	35.1482843780258	-1.64207730238861	0.434903847667808	-3.77572493596992	0.000159542975290729	0.000844253128614129	down
ENSSSCG00000035052	4.6108497500286	-5.37303160468606	1.54332867451174	-3.4814564735447	0.000498694825119424	0.00233524065702867	down
ENSSSCG00000035078	105.026091111823	-1.0316365223225	0.282222456229459	-3.65540196944405	0.000256779317759383	0.00129345560993352	down
ENSSSCG00000035121	123.263182178585	-1.19649725865573	0.237915973324814	-5.02907493740327	4.92851762942223e-07	4.38212147741962e-06	down
ENSSSCG00000035176	43.6824139749058	-1.32778158945924	0.390715074369225	-3.39833724512121	0.000677967891245295	0.00304627598806858	down
ENSSSCG00000035189	338.785035997054	-1.15676539285594	0.16422659000551	-7.0437155932978	1.8718001496304e-12	3.65826449868064e-11	down
ENSSSCG00000035256	10.0206364630301	-2.86229469667639	0.917283455948476	-3.12040370739791	0.00180603334736654	0.00716593846936676	down
ENSSSCG00000035284	255.046380578236	-1.19723539671749	0.178901346725327	-6.6921541879483	2.19908972033122e-11	3.76643143063625e-10	down
ENSSSCG00000035849	518.004250915823	-1.02648280975759	0.128319027561965	-7.99945907680685	1.24966973914997e-15	3.61450661098719e-14	down
ENSSSCG00000036135	26.1539556542283	-1.18224083191138	0.591161298692683	-1.99986168669336	0.0455152013004718	0.108363794963966	down
ENSSSCG00000036220	7.52403762120227	-2.00194812822116	0.963095106150736	-2.07866088762768	0.0376485303186076	0.0926832047016277	down
ENSSSCG00000036274	3599.80368775361	-1.44526038819467	0.112238299710019	-12.8767131356112	6.0873230790305e-38	6.95102379405653e-36	down
ENSSSCG00000036321	165.953563429559	-1.06344963528318	0.22381952776206	-4.75137109758233	2.02041941284661e-06	1.60963059859749e-05	down
ENSSSCG00000036363	49.6944676960284	-1.33952098154929	0.374738812654773	-3.57454562034737	0.000350836639497377	0.00170379330927856	down
ENSSSCG00000036462	88.6943317162169	-2.00031750400476	0.809867014704185	-2.46993329483286	0.0135138248729588	0.0397251292796119	down
ENSSSCG00000036534	24.2254019066008	-1.22169139735022	0.526976913591747	-2.31830155333269	0.0204329380610352	0.0559388902412701	down
ENSSSCG00000036556	35.2363622379125	-1.29331952104069	0.456047261139295	-2.83593309563952	0.00456920166967468	0.0159448941765373	down
ENSSSCG00000036814	193.924350551724	-1.29034223927899	0.192777167981112	-6.69343912867014	2.17985731344747e-11	3.74239150690076e-10	down
ENSSSCG00000036831	69.2514497399377	-2.03771321273475	0.33620213012135	-6.06097650838575	1.35297594173133e-09	1.79781046722306e-08	down
ENSSSCG00000037065	445.230706031699	-1.25107371330226	0.160177337158196	-7.81055382426953	5.69372373477634e-15	1.53008202753206e-13	down
ENSSSCG00000037168	16.8176117349456	-3.01703066668624	0.753735902579024	-4.00276894912795	6.26054356683089e-05	0.000364203834962165	down
ENSSSCG00000037184	5.42658553302712	-2.47410691486081	1.1320149001946	-2.18557804710476	0.028846490170716	0.0741436344719244	down
ENSSSCG00000037234	77.1416825983038	-1.27874233478341	0.284958461168734	-4.48746925969054	7.20742075165129e-06	5.12417021257577e-05	down
ENSSSCG00000037312	18.2979341735554	-1.4786969039807	0.596100940201529	-2.48061495001297	0.013115596711717	0.0387101304786508	down
ENSSSCG00000037429	43.7651222269262	-1.0152183657083	0.411735213614962	-2.46570692070486	0.0136743168762968	0.0400823891506265	down
ENSSSCG00000037437	2.83031529069282	-4.67509257453147	1.76573429180982	-2.64767615162509	0.00810471235459737	0.0258460816669857	down
ENSSSCG00000037566	21.1572139949221	-1.20950821659569	0.541935888637825	-2.23182897083238	0.025626268798097	0.0675056283408539	down
ENSSSCG00000037682	25.6508997808323	-1.36254054781214	0.525692825472876	-2.59189488954219	0.00954489290216294	0.029642038334796	down
ENSSSCG00000037735	15.7346838845807	-2.95036471123078	0.70664715959902	-4.17515965521596	2.97777140332944e-05	0.000185038046995502	down
ENSSSCG00000038073	14.4678968342798	-1.4357324971764	0.636169698491138	-2.2568388601055	0.0240181455554458	0.0640543174561453	down
ENSSSCG00000038188	12.7107287933188	-1.81396690048039	0.806575756525344	-2.24897275402225	0.0245142295747909	0.065148148117212	down
ENSSSCG00000038221	5.06900303507565	-2.52454741023728	1.24158067968638	-2.03333335605301	0.0420188553858679	0.101465145511826	down
ENSSSCG00000038231	60.1446014921444	-1.08962774055259	0.32061173782295	-3.39858967095679	0.000677342545617314	0.00304508178123339	down
ENSSSCG00000038260	20.5886005609478	-2.07309932071817	0.620352447413258	-3.34180888519513	0.000832343486833332	0.00364742183886441	down
ENSSSCG00000038508	575.152215275951	-1.01960568462681	0.134959379043254	-7.55490794233746	4.19156211391594e-14	1.02679014776948e-12	down
ENSSSCG00000038643	46.2935188103368	-1.14365168057555	0.349454629664442	-3.27267571665518	0.00106534629150301	0.00451862425877779	down
ENSSSCG00000038825	22.6219752536945	-1.70813390492821	0.55846621702792	-3.05861635466271	0.00222361709841123	0.00855474911472097	down
ENSSSCG00000038839	6.48593690601379	-2.48009833831097	1.0065117330849	-2.4640530823318	0.0137375764618794	0.0402187096253883	down
ENSSSCG00000038848	132.77545097792	-2.862521078152	0.354322017086867	-8.07886876939465	6.53703267683313e-16	1.93345828905759e-14	down
ENSSSCG00000038912	20.6845084258004	-1.23873366095598	0.541152077296178	-2.28906755222157	0.0220754277570969	0.0597471742602824	down
ENSSSCG00000038954	35.666489496203	-1.02002948234742	0.406655132065235	-2.50834036488636	0.0121299763139395	0.0363092640951754	down
ENSSSCG00000038992	185.266910123019	-1.28223796993753	0.19190847988463	-6.68150761606979	2.36496485604495e-11	4.03135547768893e-10	down
ENSSSCG00000039089	55.4560833007459	-1.08596878285755	0.32620693235104	-3.32907941296879	0.000871335561169513	0.003795197285481	down
ENSSSCG00000039169	1.83124779092033	-4.039294394511	1.96048180641985	-2.06035801060934	0.0393643279272118	NA	down
ENSSSCG00000039245	12.081679026378	-2.05370897633225	0.710746056519806	-2.88951160191913	0.00385840768832418	0.0138078271658687	down
ENSSSCG00000039413	35.4085294892299	-1.12445908490948	0.416430174409096	-2.70023440665667	0.00692906367882448	0.0227452673723309	down
ENSSSCG00000039488	1.88217654368304	-4.08713534527251	2.00390479066598	-2.03958559523887	0.0413916179693568	NA	down
ENSSSCG00000039539	57.7943638462494	-1.24214116618024	0.31750213110033	-3.91222938213201	9.14479880141907e-05	0.000510747118788834	down
ENSSSCG00000039651	113.735204611639	-1.50089602829583	0.24974025132721	-6.00982829287438	1.85719921894773e-09	2.41218192513284e-08	down
ENSSSCG00000039838	27.1179448936133	-1.39235437531657	0.549565195088541	-2.53355632372651	0.0112911592861177	0.0342972196172344	down
ENSSSCG00000039861	127.781687927624	-1.01250207294789	0.227718295938138	-4.44629215573853	8.73651136798402e-06	6.12363551067844e-05	down
ENSSSCG00000039915	41.3721845255701	-1.04393847546192	0.371043235730059	-2.81352245489097	0.00490019636318331	0.0169221837485717	down
ENSSSCG00000040019	4.68998825995794	-4.38375193571775	1.52235702839537	-2.87958202573441	0.00398202698276247	0.0141797568998049	down
ENSSSCG00000040095	13.6327859711802	-1.68311285999519	0.744165844859559	-2.26174430286146	0.0237132058189951	0.0633701329530251	down
ENSSSCG00000040123	10.6940108154006	-1.51986443357177	0.752716891003207	-2.01917141987623	0.0434694057486596	0.104338163706664	down
ENSSSCG00000040140	38.9073915562312	-1.32383326347454	0.387598006831327	-3.41548005960371	0.000636696909794038	0.00288758888182409	down
ENSSSCG00000040260	33.3015362684213	-1.65636589511479	0.430218023937202	-3.85006160354771	0.000118088119855045	0.000642106937860348	down
ENSSSCG00000040411	7.36593489956053	-1.9681343200139	0.963262136922851	-2.04319701208346	0.0410329394158434	0.099585250100389	down
ENSSSCG00000040666	97.8651895109443	-1.10437756098665	0.259056164907027	-4.26308156527755	2.01626878070934e-05	0.000130703580186037	down
ENSSSCG00000040698	6.73262760448437	-4.02370683549363	1.30302910180433	-3.0879639065021	0.00201532946498459	0.00788235171076646	down
ENSSSCG00000040798	2.52857991361094	-4.51479787705343	1.81540817227029	-2.4869326612138	0.0128849785519144	0.0381726102554042	down
ENSSSCG00000040835	33.8725549377411	-1.16458820635706	0.437452046566933	-2.6622076990989	0.00776299607339428	0.0249817237357398	down
ENSSSCG00000040942	37.9163984839324	-1.32956998850223	0.403328940159874	-3.29649042286727	0.000979009524389222	0.00419932920612087	down
ENSSSCG00000040956	87.2756235252579	-1.1977460200688	0.293362451834883	-4.08281977661867	4.44925273134215e-05	0.000267698564503978	down
ENSSSCG00000040985	95.5213194003842	-1.02991775191235	0.252825385754881	-4.07363267275256	4.6285464348254e-05	0.000277212402691165	down
ENSSSCG00000040997	5.07180429618422	-3.60536670657262	1.44814106111942	-2.4896515977426	0.0127868373294943	0.037936478865919	down
ENSSSCG00000041038	3.42600532903617	-4.94781069015313	1.62967418896995	-3.03607354380474	0.00239680895141873	0.00915989284591017	down
ENSSSCG00000041135	9.00195020565866	-3.83800275982196	1.07802560805322	-3.56021483270041	0.000370551518519686	0.00178628650360025	down
ENSSSCG00000041187	1.84868404744184	-4.06452098687207	1.94934989519857	-2.08506487054139	0.0370634124995219	NA	down
ENSSSCG00000041189	16.5401385595493	-1.22091666985157	0.612883954468792	-1.99208457155611	0.0463617794724006	0.110051923454261	down
ENSSSCG00000041190	147.639667115109	-2.60834720603511	0.29202746343723	-8.93185584442733	4.18921136811371e-19	1.63971197136712e-17	down
ENSSSCG00000041230	4.91626263062148	-2.43471736397011	1.1650450932271	-2.08980526000594	0.0366352966686498	0.0905913842429583	down
ENSSSCG00000041261	2.91841501375273	-3.65773857844641	1.69142082022979	-2.16252427231532	0.0305777882553065	0.077802943301437	down
ENSSSCG00000041272	6.1241788315697	-2.23815596199776	1.0770353974434	-2.07807094113207	0.0377028256424332	0.0927693031352251	down
ENSSSCG00000041300	2.49428969837977	-4.48796626616408	1.78945584175911	-2.50800615552056	0.0121414552046783	0.0363360732948651	down
ENSSSCG00000041313	66.2512824463439	-1.55672731084313	0.307592641884215	-5.06100308936881	4.17056457045782e-07	3.75455075455465e-06	down
ENSSSCG00000041344	18.5698873040367	-1.28740584428458	0.585840494765801	-2.19753645537808	0.0279821558449196	0.0724267695939303	down
ENSSSCG00000041348	14.0983982439534	-1.93386215789161	0.67431756654905	-2.86788043768239	0.00413231661352707	0.0146245426292983	down
ENSSSCG00000041378	10.3903330377271	-2.72387820081198	0.831175699340213	-3.2771388804728	0.00104864775666024	0.00445698503597938	down
ENSSSCG00000041467	3.32993900533097	-3.84102281437134	1.64121712505392	-2.34035019238856	0.0192656657610644	0.0533043890938095	down
ENSSSCG00000041475	19.1720924926678	-1.10867955383121	0.533123304904004	-2.07959311407487	0.0375628691187665	0.0925476652523332	down
ENSSSCG00000041487	47.8632625684905	-1.83694984447504	0.388318511082028	-4.73052350596544	2.23941593820927e-06	1.76651408400692e-05	down
ENSSSCG00000041506	11.5312112340144	-1.56661380645005	0.709963370336489	-2.20661216043801	0.0273411666645756	0.0711641063672835	down
ENSSSCG00000041558	52.3700360377331	-2.56523358919603	0.398508438246957	-6.43708725586971	1.21787929674264e-10	1.8595958641156e-09	down
ENSSSCG00000041584	12.5633891417936	-2.26263374499029	0.747836931810855	-3.02557101520972	0.00248164119908703	0.00942160248593821	down
ENSSSCG00000041866	12.6653000735298	-3.31175913075397	0.853733108706314	-3.8791504007293	0.000104821932273463	0.000575402100787712	down
ENSSSCG00000041879	1.72066742035948	-3.96061404337955	1.98830195004078	-1.99195803398891	0.0463756625887667	NA	down
ENSSSCG00000042036	16.0090540349601	-1.45891643633032	0.616199785337999	-2.36760296099434	0.0179037376480195	0.0501235057496741	down
ENSSSCG00000042076	12.2588674536962	-1.57410221736018	0.700361275772859	-2.24755747042573	0.0246044220671113	0.0652955641590786	down
ENSSSCG00000042096	239.54788744155	-1.0327582386709	0.199599624962766	-5.17414919423601	2.28951830691788e-07	2.1331320629266e-06	down
ENSSSCG00000042149	52.5035377493038	-1.08727584692287	0.400304190773065	-2.71612406760752	0.00660511606600841	0.021881345863566	down
ENSSSCG00000042155	25.9282387532871	-1.61182350060874	0.512983696267612	-3.14205599970547	0.00167765945519889	0.00671250188685689	down
ENSSSCG00000042159	4.40828944525788	-3.29616402051355	1.45394761803998	-2.26704454797141	0.0233875044982514	0.0626858233704528	down
ENSSSCG00000042176	9.02576844481659	-2.48215971567318	0.860162701775315	-2.8856862899893	0.00390561244093406	0.0139559517735585	down
ENSSSCG00000042249	28.4406814057043	-1.93501444865007	0.473546534115397	-4.08621816283536	4.3846152319043e-05	0.000264030091138585	down
ENSSSCG00000042292	25.4292553468624	-1.38637082965008	0.498736792316249	-2.77976449904859	0.00543983327561046	0.0184931221387522	down
ENSSSCG00000042307	29.5370578145166	-1.17392217300507	0.495807138073956	-2.36769921781555	0.0178990807822092	0.0501235057496741	down
ENSSSCG00000042312	2.90887150281034	-3.65963804939528	1.67078517658421	-2.19037019281984	0.0284973999350466	0.0734436479986421	down
ENSSSCG00000042353	2.09439899859115	-4.24565546321409	1.93877175456341	-2.18986863885386	0.0285337649931022	0.0735212580169541	down
ENSSSCG00000042365	111.007972614343	-1.67639838861706	0.263297638779914	-6.36693286117287	1.92845536280056e-10	2.85335977512898e-09	down
ENSSSCG00000042450	4.69498172278818	-3.41136296192071	1.37812651814156	-2.47536268768779	0.0133100932655003	0.0392033096602478	down
ENSSSCG00000042464	17.5724738857095	-1.64899978381769	0.638682701036151	-2.58187638578981	0.00982647747469259	0.0303539741680189	down
ENSSSCG00000042478	127.034565234418	-1.58970332509076	0.252815440085125	-6.28799935856566	3.21583240967041e-10	4.61489929847549e-09	down
ENSSSCG00000042524	21.0289523164485	-3.19716163402097	0.659872834534368	-4.84511782679615	1.26536561412121e-06	1.0511145505076e-05	down
ENSSSCG00000042558	4.26023625579371	-4.24044701135114	1.57142890005971	-2.69846571562354	0.00696599127417949	0.0228333799269116	down
ENSSSCG00000042641	160.820087258557	-1.95329851151089	0.223254877533392	-8.74918628023586	2.14896672719956e-18	7.91164800462249e-17	down
ENSSSCG00000042654	33.6218155224181	-1.50281224037188	0.41071727649406	-3.65899446256581	0.000253206810689403	0.00127658064444178	down
ENSSSCG00000042711	8.82778033322933	-1.98967214696056	0.91543798077004	-2.17346471170762	0.0297453589654257	0.0760746005926833	down
ENSSSCG00000042730	43.2047939387235	-1.25571805491138	0.396559180934099	-3.16653381206186	0.00154267410585456	0.00624001062081694	down
ENSSSCG00000042739	11.187358248184	-2.24231609167412	0.773460832577948	-2.89906870164384	0.00374272875188283	0.0134573801652821	down
ENSSSCG00000042849	21.4627796179452	-1.8172209086751	0.526794391634441	-3.44958286863487	0.00056145337656996	0.00259370572037001	down
ENSSSCG00000042888	11.3735172938132	-1.95117300212111	0.741536701054415	-2.63125614598262	0.00850698924263958	0.0269011356862745	down
ENSSSCG00000043013	6.87746269860208	-2.89295787944	1.04718181529795	-2.76261279290537	0.00573407458008952	0.0193609025437434	down
ENSSSCG00000043050	10.0867845988894	-1.77969542916542	0.801186497787811	-2.2213247902697	0.0263289709674181	0.0689782644260986	down
ENSSSCG00000043143	3.44600352802612	-3.91921792136774	1.60700201296139	-2.43883821535816	0.0147345632552191	0.0427810217956413	down
ENSSSCG00000043200	4.62178774370268	-2.74190452642356	1.25346233223745	-2.18746463767221	0.0287086219972111	0.0738954594795977	down
ENSSSCG00000043219	23.7575081809413	-1.42027590168103	0.487322449952013	-2.91444792215274	0.00356318253049739	0.0129214705864261	down
ENSSSCG00000043248	126.055633750746	-2.09817041621866	0.275166129188591	-7.62510423214418	2.4383728352982e-14	6.09762540271446e-13	down
ENSSSCG00000043360	9.53125612663602	-1.74137355178954	0.845498989310382	-2.05958087922714	0.0394386257090466	0.0963163724505098	down
ENSSSCG00000043424	49.873598108265	-1.36355890857552	0.364637686958503	-3.73948979314006	0.00018439413475468	0.000960583405788937	down
ENSSSCG00000043429	9.55207373187575	-2.06551882834193	0.80618794164418	-2.56208102558494	0.0104047041408945	0.0318803144959464	down
ENSSSCG00000043535	9.72359491037448	-2.58981287647253	0.861296425991031	-3.00687753753608	0.00263946071211003	0.00994215274509226	down
ENSSSCG00000043621	20.1747064596469	-2.40414658095053	0.576619555606118	-4.1693809333667	3.05428127413439e-05	0.000189302355734216	down
ENSSSCG00000043642	50.7766283529655	-2.41729996156195	0.441808937729548	-5.47136953359167	4.46571035430109e-08	4.69176454729051e-07	down
ENSSSCG00000043672	69.0712319195566	-1.49650017239497	0.305086543161043	-4.90516611086656	9.33483059764071e-07	7.91866312888203e-06	down
ENSSSCG00000043735	10.7495768255491	-1.82281677260843	0.734794214572424	-2.48071737155569	0.01311182905436	0.0387093227503589	down
ENSSSCG00000043775	1.7248809100369	-3.96371409643166	1.99276659572903	-1.98905085268231	0.0466955902746334	NA	down
ENSSSCG00000043814	4.58833361085333	-2.6404164698809	1.27707224044047	-2.06755450965735	0.0386819334496725	0.0947414673370317	down
ENSSSCG00000043839	7.87360258275483	-2.04399265823039	0.947287526401932	-2.15773205205611	0.0309486704284668	0.0784693977911699	down
ENSSSCG00000043903	2.07064250755352	-4.22009576868917	1.87668481800636	-2.24869713241047	0.0245317717555976	0.0651587018933483	down
ENSSSCG00000043930	13.1062299966016	-1.3244511252269	0.641225433435464	-2.06549998825054	0.0388757166470721	0.0950867418210947	down
ENSSSCG00000043969	4.69060276953682	-2.86205323055737	1.3022935454633	-2.19770207763655	0.0279703434065497	0.0724149987762227	down
ENSSSCG00000043977	20.0105374218363	-1.59997063494524	0.583737092605592	-2.74090965815372	0.0061269351219804	0.0204904512414687	down
ENSSSCG00000043983	30.3317757879983	-1.75072163051012	0.469267739243849	-3.73075215724637	0.000190908960316129	0.000989845472336715	down
ENSSSCG00000044016	176.457891832327	-1.13836087923583	0.196663178717227	-5.78837831596646	7.10692043195834e-09	8.44621137804686e-08	down
ENSSSCG00000044064	122.956160120666	-1.45545717397234	0.242419636419695	-6.00387491487095	1.92663150575502e-09	2.49561152957691e-08	down
ENSSSCG00000044065	12.8667611919648	-1.91524570589812	0.744777181255517	-2.57156872431225	0.0101238919723221	0.0311125538658688	down
ENSSSCG00000044076	13.5502163802614	-1.36423962734566	0.638392495530483	-2.13699195541455	0.0325986459340084	0.0820296069559641	down
ENSSSCG00000044105	5.39473246944459	-2.20849099984818	1.11315968886426	-1.98398398894724	0.0472576248555501	0.111809925824465	down
ENSSSCG00000044145	28.5371874199746	-2.30091827572381	0.527346611197097	-4.36319913102436	1.28174175016265e-05	8.71851209756967e-05	down
ENSSSCG00000044179	51.2127642448838	-1.01725157473315	0.346703541333845	-2.93406744799767	0.00334551499867222	0.012243088933149	down
ENSSSCG00000044189	2.04768373550586	-4.20599241061484	1.87190284968109	-2.24690742435239	0.0246459441384273	0.0653414650045843	down
ENSSSCG00000044397	53.6288280024189	-1.11917084712464	0.375131265598385	-2.98341127428932	0.00285054670054368	0.0106261062822545	down
ENSSSCG00000044487	24.8316355508768	-1.65651873286123	0.521201610144722	-3.17826864042355	0.00148157407531067	0.00601821573061896	down
ENSSSCG00000044546	24.6418956575469	-2.53190800672706	0.541217647500501	-4.67816971309073	2.89446938516043e-06	2.2188364568308e-05	down
ENSSSCG00000044565	10.5345013919331	-1.72216028394668	0.86833647462537	-1.98328681826901	0.04733540096098	0.111902037656648	down
ENSSSCG00000044577	16.6320293067619	-1.23264283428053	0.575482332305091	-2.14192993439639	0.0321991206198025	0.0811541790739518	down
ENSSSCG00000044583	16.1891700778981	-1.45926312849424	0.615069705436381	-2.37251666859273	0.017667365945421	0.0495950577145194	down
ENSSSCG00000044684	14.5897369955557	-1.72389878963857	0.693578029496203	-2.485515279212	0.012936403378034	0.038293455457707	down
ENSSSCG00000044720	18.328952575967	-1.33658186098289	0.595501839526571	-2.24446302642068	0.0248026252675086	0.0656963983731509	down
ENSSSCG00000044786	24.5521472589955	-2.31223521653871	0.553934356912258	-4.17420437581733	2.99029229213923e-05	0.000185735964536324	down
ENSSSCG00000044827	6.63194098738486	-2.53069718848305	1.12589235274353	-2.24772571046987	0.0245936855141274	0.0652916393768566	down
ENSSSCG00000044899	19.2215512679679	-1.50608511407466	0.587521841322851	-2.56345382953525	0.0103636483766154	0.0317747959167238	down
ENSSSCG00000044935	41.2384855555159	-1.97225845396159	0.416906985225952	-4.73069179422044	2.23756013445176e-06	1.76601732474757e-05	down
ENSSSCG00000044938	1.82361853055547	-4.04684005202821	2.00274721927164	-2.02064444932794	0.0433165841369965	NA	down
ENSSSCG00000045038	2.09149453476246	-4.23277833515443	1.87574897711109	-2.25658037765452	0.0240343076282187	0.0640736937029173	down
ENSSSCG00000045040	65.2540639788644	-1.23218105984695	0.301853819780601	-4.08204560983375	4.46410330080184e-05	0.000268479932963465	down
ENSSSCG00000045193	6.72527473157228	-1.96313427651121	0.972208957955577	-2.01925137641132	0.0434610988653248	0.10433561134269	down
ENSSSCG00000045222	107.912304808424	-1.01004646747002	0.250826010846035	-4.02688088074733	5.65216485112592e-05	0.000331219619672977	down
ENSSSCG00000045263	83.0960048993447	-1.21756983398659	0.282746037238008	-4.3062312946288	1.66059425994044e-05	0.000109771453511621	down
ENSSSCG00000045356	26.8217590890965	-1.54159087039572	0.466318009095789	-3.30587890736823	0.000946789953299206	0.00408213901506303	down
ENSSSCG00000045555	13.8232352601999	-5.08831377100218	1.16193891502436	-4.37915772095083	1.19138885420578e-05	8.16790340598762e-05	down
ENSSSCG00000045588	4.8869836240577	-2.42660206154692	1.17113593558971	-2.07200717508942	0.0382647720644493	0.0939113608479005	down
ENSSSCG00000045635	6.26733292628073	-2.49315447984443	1.0903255286203	-2.28661479017122	0.0222183171896782	0.0600621214988387	down
ENSSSCG00000045711	48.0816373173306	-1.20930816451802	0.357750986730181	-3.38030699948869	0.000724049061567785	0.00322178372254697	down
ENSSSCG00000045751	2.98550417950025	-4.75099247777673	1.7026099348888	-2.79041745288948	0.0052640121383041	0.0179841148945325	down
ENSSSCG00000045783	3.29003984714569	-3.84454595844148	1.6194595102054	-2.37396855816041	0.0175980489624685	0.0494406665214349	down
ENSSSCG00000045819	126.816771505025	-1.13309305003465	0.558123524471343	-2.03018328444034	0.0423379122902307	0.102132856913161	down
ENSSSCG00000045823	242.006451505477	-2.69681062960706	0.254857626831287	-10.5816359633307	3.62571476601456e-26	2.30065178368607e-24	down
ENSSSCG00000045853	75.4980638395516	-2.93036674531367	0.354048388421005	-8.27674081043725	1.26592357146839e-16	3.99197664546962e-15	down
ENSSSCG00000045881	6.3307194513981	-5.8295659540044	1.47050317800183	-3.9643341416819	7.36010985689723e-05	0.000420694533248999	down
ENSSSCG00000045889	34.7856512300445	-2.12351047707232	0.4553287733626	-4.66368611276246	3.10595021781752e-06	2.36834869970586e-05	down
ENSSSCG00000045892	52.7458247348379	-2.63204062577584	0.390458323797661	-6.74090028399493	1.57408213130085e-11	2.73829456754318e-10	down
ENSSSCG00000045902	22.9651153346497	-1.96823332548227	0.532771936460712	-3.69432620373655	0.000220470625715785	0.00113133555141082	down
ENSSSCG00000045930	34.0450841874763	-1.12477645571553	0.40172164361171	-2.79989010699832	0.00511200063400209	0.0175484406892674	down
ENSSSCG00000045946	2.06432227303739	-4.21615799609582	1.87766770731071	-2.24542286139352	0.0247409991504984	0.065557275894735	down
ENSSSCG00000045974	3.32305421884018	-4.90211710120977	1.66319510709851	-2.94740952536931	0.00320448509075736	0.0118053813475595	down
ENSSSCG00000045976	9.56678180050918	-1.90857732380334	0.794006349946571	-2.40373055446189	0.0162287299741598	0.0462247630112314	down
ENSSSCG00000046026	7.28911863980359	-2.71112315556972	1.01159246417638	-2.68005471726905	0.00736101266190364	0.0238855657540122	down
ENSSSCG00000046034	9.97293144450511	-2.02113964121914	0.781992704874259	-2.58460165756166	0.00974915598534084	0.0301539280250911	down
ENSSSCG00000046044	6.20469735069643	-3.91724469124644	1.33775382310527	-2.92822537569244	0.00340902838290415	0.0124407511597039	down
ENSSSCG00000046070	32.0592487472755	-1.05462460461867	0.468087271651055	-2.25305123315736	0.0242559188020834	0.0645808233688002	down
ENSSSCG00000046149	6.16176099721351	-3.76098645038283	1.32059426240682	-2.84795001572119	0.00440018349260335	0.0154397668763602	down
ENSSSCG00000046184	9.2503856369843	-1.82238272474349	0.826137638076128	-2.20590691036347	0.0273905182856718	0.0712539327048612	down
ENSSSCG00000046197	8.55777345378425	-3.19304578812558	1.02784844000915	-3.10653367153736	0.00189294749222456	0.00746809522815737	down
ENSSSCG00000046277	41.2348509008863	-1.44217405633597	0.400673631087053	-3.59937351610401	0.000318984738903387	0.00156068484346617	down
ENSSSCG00000046312	17.4592573281716	-1.68918846469695	0.689566448589027	-2.44963841868078	0.0142999734598618	0.0416451309575111	down
ENSSSCG00000046334	22.4208418397262	-1.07220002248051	0.496073156551366	-2.16137480595464	0.0306663986368753	0.0779758718604213	down
ENSSSCG00000046352	287.879840731517	-1.19560406105414	0.199911637125323	-5.98066264799095	2.22231698862464e-09	2.85550882285007e-08	down
ENSSSCG00000046355	14.1630989759993	-2.42616953519102	0.734933197284645	-3.30121097285438	0.000962684642272999	0.00414296671266814	down
ENSSSCG00000046390	25.7787476849426	-1.76641603956651	0.484524231549494	-3.64567120599431	0.000266694788364446	0.00133709423306699	down
ENSSSCG00000046451	35.3009122183587	-1.533791419095	0.428225713907007	-3.58173591469118	0.000341318724757553	0.00166093071331344	down
ENSSSCG00000046588	26.998452660814	-1.02879580726133	0.470473609248582	-2.18672373335557	0.0287626979577813	0.0739954730842813	down
ENSSSCG00000046667	29.035657430211	-1.17289659192736	0.58641753008922	-2.00010492822224	0.0454889347329029	0.1083191628191	down
ENSSSCG00000046729	43.0393348062142	-1.03182471694472	0.43497872823597	-2.37212684199345	0.0176860179839455	0.0496297297955877	down
ENSSSCG00000046764	2.73789790469037	-4.62456753208852	1.72697346115103	-2.67784516445681	0.00740974627199466	0.0240274617968958	down
ENSSSCG00000046785	66.6236554109168	-1.77355253138518	0.367790368538931	-4.82218318666342	1.41995448032559e-06	1.1653318778199e-05	down
ENSSSCG00000046791	5.30778842320977	-2.96957562033124	1.19806262663193	-2.4786480725799	0.0131881358145724	0.0388867775379942	down
ENSSSCG00000046822	16.197322611349	-1.87455302031984	0.639248124607022	-2.93243413341607	0.0033631625335508	0.0122998601963054	down
ENSSSCG00000046837	23.5551009373348	-1.06867906275143	0.50215616736195	-2.12818069798022	0.0333221045472995	0.0836333148456703	down
ENSSSCG00000046840	7.67450975866644	-2.24937149597548	0.997300618928882	-2.25545984157851	0.0241044802325302	0.0642251078929643	down
ENSSSCG00000046841	8.60400411666383	-1.76484573460798	0.847420878913213	-2.08260827473513	0.0372869443494206	0.0919502048294907	down
ENSSSCG00000046947	8.12082204606189	-2.38583593506481	1.00796084811913	-2.36699266595207	0.0179332881805802	0.050167233045849	down
ENSSSCG00000046956	17.5891640129056	-1.59522557710364	0.583836817104244	-2.73231411649535	0.00628911486559076	0.0209404555071589	down
ENSSSCG00000046986	2.61324093906644	-3.49636605079449	1.71485368210615	-2.0388713551936	0.0414628684404618	0.10030755072496	down
ENSSSCG00000047000	17.9109599565958	-1.48810259097869	0.591610539214908	-2.51534158426836	0.0118917105846387	0.0357670075717553	down
ENSSSCG00000047023	3.14194598492739	-3.78050118283686	1.64758040922671	-2.29457764954322	0.0217573403612713	0.0589904966350621	down
ENSSSCG00000047067	5.43375441468243	-3.61551406589894	1.34780194568899	-2.68252622535777	0.00730684225656328	0.0237472373338307	down
ENSSSCG00000047092	17.202299523947	-1.12525999548417	0.569849574820983	-1.97466146366375	0.0483065789117357	0.11376847002038	down
ENSSSCG00000047163	62.6016037070786	-1.19766646686374	0.306813018102641	-3.90357121829515	9.47836421308617e-05	0.000527740077793943	down
ENSSSCG00000047169	30.2627338955555	-1.30560643035398	0.424494501674671	-3.07567336020428	0.00210027792659118	0.00814989311816253	down
ENSSSCG00000047210	8.96600922506419	-3.8570343446654	1.10299221995656	-3.49688263877085	0.000470728874207925	0.00221581003401665	down
ENSSSCG00000047241	23.1129316899696	-1.44040596995509	0.596484985932145	-2.41482351429873	0.0157428355799449	0.0450814719072617	down
ENSSSCG00000047264	11.0338112135457	-1.61455348700913	0.797507344574585	-2.02449983438132	0.0429187489994346	0.103240090278533	down
ENSSSCG00000047270	345.847040318123	-1.03469257100636	0.153802410140626	-6.72741454480661	1.7270419765329e-11	2.99714609999757e-10	down
ENSSSCG00000047431	13.0626449942485	-1.87488108221883	0.83565622752689	-2.24360331492713	0.0248579357914312	0.065806599364046	down
ENSSSCG00000047511	36.7063260856703	-1.8164674723304	0.438840247599252	-4.13924539115927	3.48450078583643e-05	0.000214124357163771	down
ENSSSCG00000047678	15.7007422798081	-2.42914038520108	0.711252625329103	-3.41529900726496	0.000637120305519216	0.00288859958473364	down
ENSSSCG00000047713	60.6727940336256	-1.47699180889103	0.351773479211727	-4.19870142627225	2.68450000474025e-05	0.000168706536074514	down
ENSSSCG00000047746	24.7299856040746	-1.03743939284815	0.512641778430526	-2.02371214461747	0.042999778274562	0.103402628291244	down
ENSSSCG00000047754	5.05807022248138	-3.60194996386586	1.40643046673097	-2.56105797554147	0.0104353940350528	0.0319539574151574	down
ENSSSCG00000047775	9.15005820977264	-1.72012141395089	0.856389946854224	-2.00857263711398	0.044582475607759	0.10651285099588	down
ENSSSCG00000047811	79.7665216702441	-1.03770586203147	0.276776890407778	-3.74925038178804	0.000177363938338103	0.000928662365620514	down
ENSSSCG00000047958	2.51351310529672	-3.42547044289536	1.73434326566647	-1.97508215974709	0.0482588250463995	0.11368259596988	down
ENSSSCG00000047991	39.7702704376189	-1.20361778558268	0.374056539372898	-3.21774293159138	0.00129203560918402	0.00535399335865555	down
ENSSSCG00000048017	61.4617233190283	-1.33447354788771	0.311194568089209	-4.28822892405103	1.80103422388687e-05	0.000118241098271953	down
ENSSSCG00000048040	27.4285825712482	-1.38875556236146	0.464377193882779	-2.99057658441343	0.00278451295878885	0.0104204013142101	down
ENSSSCG00000048207	95.3676764010364	-2.27311490874283	0.312222587982024	-7.28043068067101	3.32756135170356e-13	7.28422396807569e-12	down
ENSSSCG00000048242	3.64500321609015	-4.00089181015578	1.59251569145068	-2.51230919207535	0.0119943948334145	0.0360156896352935	down
ENSSSCG00000048264	44.4272798175567	-1.44104298499002	0.362767942605725	-3.97235481900399	7.11656100215291e-05	0.000408394201892472	down
ENSSSCG00000048266	10.6348516392972	-2.35489403823668	0.814423193080757	-2.89148695450177	0.00383423510697457	0.0137281437934033	down
ENSSSCG00000048325	13.187897483957	-1.95870186386435	0.73394089644761	-2.66874604391822	0.00761349921600135	0.0245609950072303	down
ENSSSCG00000048381	5.96271523044146	-2.05613402406938	1.04836045857219	-1.96128536445349	0.0498457435995928	0.116365979061351	down
ENSSSCG00000048459	28.8967824990547	-1.44725925417177	0.503234741807353	-2.87591283736489	0.00402860940924449	0.0143208514143034	down
ENSSSCG00000048500	28.5227162635609	-1.10994043866124	0.441085082179659	-2.51638625631221	0.0118565163761147	0.0357133546385521	down
ENSSSCG00000048690	7.41315859778704	-2.66585232714677	0.995752655851352	-2.67722341635887	0.00742351154307776	0.0240631389640281	down
ENSSSCG00000048704	2.53468472694892	-4.51794578039737	1.77229588025956	-2.54920514724421	0.0107968767245882	0.0329557559527376	down
ENSSSCG00000048792	497.154782521369	-1.04450202296305	0.14141974815848	-7.3858286170369	1.51506844898183e-13	3.4584858857582e-12	down
ENSSSCG00000048818	48.6156149017931	-1.52909804308834	0.352026337090603	-4.34370353004238	1.40100556891932e-05	9.44760496943532e-05	down
ENSSSCG00000048857	4.74222603856938	-4.39811211975404	1.50950481345951	-2.91361251752114	0.00357273060012059	0.0129495751293752	down
ENSSSCG00000048979	37.3747875826524	-1.50314421598751	0.406411764517603	-3.69857456703225	0.000216813657214649	0.0011133632508092	down
ENSSSCG00000049011	15.7083276581013	-1.32429956332123	0.671813814857542	-1.97123002539334	0.0486975710230552	0.114464721445184	down
ENSSSCG00000049036	2.6494785871872	-4.57391220818366	1.75207794480785	-2.61056434260707	0.0090392965781043	0.0283212835401453	down
ENSSSCG00000049095	10.7999265604072	-2.56761590998931	0.799982793464618	-3.20958891986828	0.00132924925316747	0.00548296284153042	down
ENSSSCG00000049172	3.12453265532286	-3.76747731065096	1.65830728123792	-2.27188130527808	0.0230936803354809	0.0620252417587669	down
ENSSSCG00000049196	33.2220505576426	-1.41603466229855	0.445658654638786	-3.17739742639188	0.00148603245418393	0.00603462404005226	down
ENSSSCG00000049234	81.6404107916273	-1.45388774595178	0.300766404296309	-4.83394330345299	1.33854723415915e-06	1.10426313635901e-05	down
ENSSSCG00000049329	24.2309907447337	-1.68378174470998	0.493912358785077	-3.40906987800778	0.000651847803465754	0.00294702315163864	down
ENSSSCG00000049368	28.1609158843023	-1.00316991414501	0.452892982645437	-2.2150264026731	0.02675825233885	0.0699375551966604	down
ENSSSCG00000049405	47.1425320502364	-1.14815547928708	0.404380702652425	-2.83929344737784	0.00452135562959543	0.0157995163728027	down
ENSSSCG00000049460	2.69664904790223	-3.53809991348733	1.71740584200568	-2.06014200426578	0.039384967317145	0.0962438732381386	down
ENSSSCG00000049492	31.35866238299	-1.40197818166686	0.442278954215159	-3.16989575991632	0.0015249363362502	0.00617867313286862	down
ENSSSCG00000049546	16.4453767001111	-1.48117942487834	0.601132915128879	-2.46397990793898	0.0137403813552924	0.0402187468078911	down
ENSSSCG00000049596	2.20977515664125	-4.32407007565545	1.90496411766912	-2.26989581354756	0.0232139051916904	0.0623132855723274	down
ENSSSCG00000049608	37.2027084481683	-1.87575140323	0.424687338006357	-4.41678203083587	1.00181161467883e-05	6.95270321184119e-05	down
ENSSSCG00000049609	7.38110222757666	-3.01017556785186	1.03786098402702	-2.90036489874785	0.00372728475530091	0.0134194463084372	down
ENSSSCG00000049635	6.4324691376996	-2.81026397578563	1.16095813713448	-2.42064195589518	0.0154931287795869	0.0445702070982962	down
ENSSSCG00000049683	1144.54314514571	-1.5998331853102	0.144473259546695	-11.0735591508761	1.6856981579788e-28	1.23252772931608e-26	down
ENSSSCG00000049851	912.255431649739	-3.21750911103616	0.833741155910247	-3.85912232858819	0.000113794969292543	0.000620167513314334	down
ENSSSCG00000049864	4.9228795326639	-2.93379488706459	1.28139819465285	-2.28952631532261	0.0220487907254142	0.0596975153400124	down
ENSSSCG00000049957	5.11806436163976	-4.51392220562547	1.49661894059411	-3.01607983381099	0.00256065830781008	0.00968330854967089	down
ENSSSCG00000049958	39.1204107918974	-1.82903518206097	0.405446439251204	-4.51116351012705	6.44729964846247e-06	4.63909433397561e-05	down
ENSSSCG00000049982	15.5790217206677	-2.82358672139978	0.717014733484057	-3.93797587349378	8.21718543558616e-05	0.000465048359100532	down
ENSSSCG00000050032	54.7725853498233	-1.25519236944725	0.327130186289976	-3.83698118379885	0.000124556011532992	0.000674982991016258	down
ENSSSCG00000050051	8.30447447660597	-2.14902533147963	0.963653638972634	-2.23008064782565	0.0257420893235804	0.0677116608138881	down
ENSSSCG00000050087	3.61415169846339	-3.97782286801038	1.64521548647614	-2.41781268211279	0.0156141124037661	0.0448197837911215	down
ENSSSCG00000050108	25.9613558069049	-1.82616856309497	0.488394535498707	-3.7391257075189	0.000184661373339404	0.000961280239096773	down
ENSSSCG00000050111	2.57476016107482	-3.46945331620796	1.73900204423275	-1.99508294295231	0.0460338343727524	0.109435773280265	down
ENSSSCG00000050127	50.8308942524045	-1.40852798441537	0.344370212184164	-4.09015627536945	4.310826321616e-05	0.000260021534072684	down
ENSSSCG00000050172	49.55106769487	-1.19862075767462	0.408818876859006	-2.93191147846141	0.00336882755995673	0.0123158863384814	down
ENSSSCG00000050176	2.07064250755352	-4.22009576868917	1.87668481800636	-2.24869713241047	0.0245317717555976	0.0651587018933483	down
ENSSSCG00000050206	30.580866470026	-1.27237276646717	0.465264481660437	-2.73473006563131	0.00624314499401994	0.0208136277545697	down
ENSSSCG00000050265	111.677285804335	-1.5156398895849	0.297485624160833	-5.09483405747862	3.49046853782044e-07	3.17003208188939e-06	down
ENSSSCG00000050270	2.88191466226341	-3.64743467426385	1.76669612446843	-2.06455123988076	0.0389654809148185	0.0952901166548465	down
ENSSSCG00000050293	14.7962379433884	-1.48203964129623	0.625817733627619	-2.36816498104876	0.0178765623339251	0.0500810871924181	down
ENSSSCG00000050367	18.5692181285899	-1.23515939709636	0.565193267864959	-2.18537528191414	0.0288613417044451	0.0741436948577382	down
ENSSSCG00000050388	16.9333607383974	-1.98505327937044	0.612670158080254	-3.24000321084745	0.00119528353625503	0.00499908944721763	down
ENSSSCG00000050401	18.1706930766125	-1.79322523263841	0.592640636488481	-3.02582226433821	0.0024795801119469	0.00941874259822867	down
ENSSSCG00000050424	91.5620507734916	-1.48981160751225	0.264446272123147	-5.63370243623052	1.76381252799778e-08	1.96640523632198e-07	down
ENSSSCG00000050471	63.3592828309371	-1.75010474349263	0.330349935771309	-5.29772993418765	1.17251210254437e-07	1.15439947539639e-06	down
ENSSSCG00000050486	8.40820555995477	-1.93078168112473	0.912779216997183	-2.11527787352184	0.0344062711616188	0.0859053440478345	down
ENSSSCG00000050500	6.27730649773374	-2.14746754321976	1.06774050467563	-2.01122607395337	0.0443015828845133	0.105964795727089	down
ENSSSCG00000050581	19.3055844372415	-1.32821058602418	0.548104643377174	-2.42327920785407	0.0153810999487077	0.044302458051948	down
ENSSSCG00000050599	3.63690101225838	-3.98279541933236	1.63453887775962	-2.43664771363003	0.0148241135259043	0.0430063507003273	down
ENSSSCG00000050603	9.26511555522516	-1.75249434600474	0.815046618251391	-2.15017682027141	0.0315412309423197	0.079747216165205	down
ENSSSCG00000050616	10.988625691293	-2.84373468215326	0.85577616570921	-3.32298887968744	0.000890584646653649	0.00386734436249598	down
ENSSSCG00000050648	19.9841455338494	-2.51821833598297	0.590659612645061	-4.26340024283363	2.01339408393575e-05	0.000130575994529538	down
ENSSSCG00000050651	9.23461349242911	-2.48443149883526	0.851447029644811	-2.91789320102703	0.00352405027337611	0.012808584440502	down
ENSSSCG00000050705	55.6851486719415	-1.0204877563675	0.336158871777311	-3.03573054898734	0.00239953696415154	0.00916426709925746	down
ENSSSCG00000050792	152.761457476552	-1.29912936016809	0.214986156448727	-6.04285123111138	1.51414257968607e-09	2.00325092688736e-08	down
ENSSSCG00000050801	34.2920170499528	-1.11971880102923	0.441015942671137	-2.53895311413765	0.0111184722480064	0.0338298424715429	down
ENSSSCG00000050847	12.7571046262518	-2.0139840887199	0.747715731565689	-2.69351573558937	0.00707028079366864	0.0231092212267485	down
ENSSSCG00000050876	17.1022707986692	-2.61465075517906	0.64080149515511	-4.08028192029448	4.49811128229195e-05	0.000270186801126494	down
ENSSSCG00000050904	25.1358405944427	-1.19248528127225	0.478307515352855	-2.49313515467666	0.012662063846051	0.0376516035587362	down
ENSSSCG00000050914	1.87716533501564	-4.07178339795722	2.01146152904138	-2.02429096414176	0.0429402227971829	NA	down
ENSSSCG00000050926	39.665485232437	-1.70492418978646	0.403534317634889	-4.22497942623321	2.38962608275255e-05	0.000152099752964948	down
ENSSSCG00000050930	38.6005439002308	-1.30171209408604	0.444228872487403	-2.93027350247918	0.00338663781653447	0.012374716161685	down
ENSSSCG00000050940	39.2707436970661	-1.0780574943416	0.459199825537914	-2.3476870730052	0.0188903843778472	0.0524575084978815	down
ENSSSCG00000050966	57.3988423360825	-1.24989359895178	0.343889139226943	-3.63458294077422	0.000278430676275216	0.00138382515690842	down
ENSSSCG00000051088	18.8508812186782	-1.75201808975203	0.582239752756107	-3.00910077242	0.00262022190398099	0.00988260704502284	down
ENSSSCG00000051128	22.5671639307978	-2.15795288524535	0.557828335710255	-3.86848918762389	0.000109511791523801	0.000599357044252723	down
ENSSSCG00000051208	3.87487656685223	-3.14149060851983	1.48951919909125	-2.10906352226708	0.0349390989658641	0.0870245169469663	down
ENSSSCG00000051213	61.380863862102	-1.01040938582541	0.359050563511343	-2.8141144688483	0.00489118080482444	0.0168951003147941	down
ENSSSCG00000051249	10.9878727202571	-1.77112750396826	0.820371562146581	-2.15893332447304	0.0308553400651714	0.0782878841463324	down
ENSSSCG00000051294	61.4785021468399	-1.30629131275822	0.342494305738704	-3.81405264516958	0.000136706326542266	0.000734197586694554	down
ENSSSCG00000051327	68.3598422158676	-1.56141410061661	0.330364099072824	-4.72634316198025	2.28599203178979e-06	1.79538872551255e-05	down
ENSSSCG00000051352	14.2964111474554	-1.40449076536372	0.662236647139432	-2.12082911966665	0.0339361852218662	0.0849525220604381	down
ENSSSCG00000051365	45.6773464720843	-1.55601434647785	0.363959440661251	-4.27524106436379	1.90930591277443e-05	0.00012438553761919	down
ENSSSCG00000051371	1.7248809100369	-3.96371409643166	1.99276659572903	-1.98905085268231	0.0466955902746334	NA	down
ENSSSCG00000051428	59.5424532618703	-3.07629046207446	0.376896011416086	-8.16217303684411	3.29050351043948e-16	9.93635483529775e-15	down
ENSSSCG00000051476	33.8612638216484	-1.16063940833638	0.413189475742372	-2.80897621182407	0.00496993187312213	0.0171301504427976	down
ENSSSCG00000051482	10.2084762605829	-2.12669509448695	0.843821665738364	-2.52031345109637	0.0117250370343984	0.0353987494117533	down
ENSSSCG00000051598	4.22503610311453	-2.70055835762924	1.37054445415499	-1.97042740893383	0.0487894068757802	0.114607118663756	down
ENSSSCG00000051610	152.608797742559	-1.73421544790891	0.230240029211595	-7.5322065144247	4.98899692311363e-14	1.21182987656878e-12	down
ENSSSCG00000051629	6.26367659729601	-2.46381185066953	1.05260531052474	-2.34067966980073	0.0192486742920398	0.0532676089342058	down
ENSSSCG00000051643	15.7361405370694	-1.42270263529874	0.67346653512445	-2.11250680040967	0.0346430032990755	0.0864065488346119	down
ENSSSCG00000051646	37.8120634996675	-1.34035929917567	0.400093842681012	-3.35011228914192	0.000807788066076579	0.00355061925656608	down
ENSSSCG00000051666	41.819077342719	-1.44957792454593	0.376981046263308	-3.84522760206213	0.000120440593670145	0.000654157734247649	down
ENSSSCG00000051671	2.81834544046845	-3.60806117851532	1.75949248074564	-2.05062608564618	0.0403033740412565	0.0981121851766534	down
ENSSSCG00000051675	3.80049913458349	-2.96512144037255	1.4874408845698	-1.99343817366573	0.0462134872982332	0.109754174945383	down
ENSSSCG00000051773	2.42061759474756	-4.4422524409852	1.98423533039776	-2.23877297865405	0.0251706913022283	0.0665042449626174	down
